Workbook
Name data: I!$B$4:$E$149
Name data: II!$B$4:$E$150
Name data: III!$B$4:$E$146
Name data: IV!$B$5:$E$147
Name data: LKG!$B$4:$E$147
Name data: UKG!$B$4:$E$142
Name data: V!$B$4:$E$148
Name data: VAN!$B$4:$C$150
Name data: VI!$B$4:$E$147
Name data: VII!$B$4:$E$150
Name data: VIII!$B$4:$E$148
Name data: Nur!$B$4:$E$150

Sheet Admission
A1: Admission No. | B1: Admission_date | C1: Admission_Type | D1: Student_Name | E1: Father's_name | F1: Mother's_Name | G1: D.O.B | H1: Class | I1: Aadhar_No. | J1: Calling_No. | K1: Whatsapp_No. | L1: Address | M1: Blood Group | N1: Gender | O1: Status
A2: 1 | B2: 44637 | C2: Hosteller | D2: REHAN SEKH | E2: AZMAL SEKH | F2: HENA BIBI | G2: 40577 | H2: IV | I2: 483830374536 | J2: 9065300299 | L2: RAHASPUR ,PAKUR | N2: Male
A3: 2 | C3: Day Scholar | D3: TAMIM HASAN | E3: SAIFUL SEKH | H3: IV | J3: 9735411842 | N3: Male
A4: 3 | B4: 44644 | C4: Day Scholar | D4: TANISHA NAJ | E4: MD JARRAR HUSSAIN | F4: KAYEMA BIBI | G4: 41642 | H4: I | I4: 678625398221 | J4: 7654919187 | L4: DARIYA PUR ,GUMANI | N4: Female
A5: 4 | B5: 44627 | C5: Hosteller | D5: SAHIL SHEKH | E5: KHALEK SEKH | F5: NAJIFA BIBI | G5: 40951 | H5: IV | I5: 840670678705 | J5: 9955896968 | L5: PAKUR | N5: Male
A6: 5 | C6: Day Scholar | D6: ARHAAN HAQUE | E6: IZAJUL HAQUE | H6: I | J6: 9507760994 | N6: Male
A7: 6 | B7: 44743 | C7: Day Scholar | D7: MD ESHARUL HAQUE | E7: MD MOHAJERUL HAQUE | F7: SAYERA BIBI | G7: 40249 | H7: V | I7: 736274395368 | J7: 9939748660 | K7: 9939748660 | L7: ANDHARKOTA | N7: Male
A8: 7 | B8: 44772 | C8: Hosteller | D8: PARWEJ ISLAM | E8: RAFIKUL ISLAM | F8: RABINA BIBI | G8: 41504 | H8: I | I8: 718294463605 | J8: 9142128216 | K8: 9142128216 | L8: HIRANPUR (pakur) | N8: Male
A9: 8 | B9: 44634 | C9: Hosteller | D9: MD ADIL ANSARI | E9: MD ATAUR RAHMAN ANSARI | G9: 41162 | H9: V | I9: 384628964194 | J9: 9123150068 | K9: 9431776530 | L9: LALMATIYA ,GODDA | N9: Male
A10: 9 | C10: Hosteller | D10: NAGMA TABASSUM | E10: MOJIBUR RAHMAN | H10: VII | J10: 9523145415 | L10: AGLOI | N10: Female
A11: 10 | B11: 44691 | C11: Hosteller | D11: REHAN ALAM | E11: RABIUL ISLAM | F11: JOLENUR BIBI | G11: 41131 | H11: IV | I11: 462714899661 | J11: 9693028244 | N11: Male
A12: 11 | C12: Day Scholar | D12: ABDUL QABEZ | E12: ABDUL QAHAR | H12: IV | J12: 9973967538 | N12: Male
A13: 12 | B13: 44805 | C13: Hosteller | D13: FATEMA ROZI | E13: MD UMED ALI ANSARI | F13: JAHEDA NAAJ | G13: 41384 | H13: IV | I13: 744166970710 | J13: 9643292878 | K13: 9643292878 | L13: BARHET | N13: Female
A14: 13 | B14: 44715 | C14: Hosteller | D14: RASHID JAMAL | E14: IMTEYAZ AHMAD | F14: SAHEBA KHATOON | G14: 41510 | H14: UKG | I14: 790014867935 | J14: 7739447180 | K14: 7739447180 | L14: CHHOTA GANGTI | N14: Male
A15: 14 | B15: 44805 | C15: Hosteller | D15: MD KAISAR PARWEZ | E15: MD UMED ALI ANSARI | F15: JAHEDA NAAJ | G15: 40968 | H15: IV | I15: 715182659764 | J15: 9643292878 | K15: 9643292878 | L15: BARHET | N15: Male
A16: 15 | B16: 44715 | C16: Hosteller | D16: WASI AHAMAD | E16: MD.MUKHTAR ANSARI | F16: ZULEKHA KHATOON | G16: 41821 | H16: UKG | I16: 225538245484 | J16: 8809878555 | K16: 8809878555 | L16: HARINKOL(GODDA) | N16: Male
A17: 16 | B17: 44620 | C17: Hosteller | D17: AYAAN AKHTAR | E17: NASIM AKTAR | F17: TARANNUM RUBY | G17: 42286 | H17: V | I17: 294900296689 | J17: 9430329392 | L17: PANCH KATIYA,BARHET | N17: Male
A18: 17 | B18: 44743 | C18: Hosteller | D18: MERAJ RABBANI | E18: EKRAMUL HOQUE | F18: BEGUM SAJEEDA HOQUE | G18: 40461 | H18: VII | J18: 8521460385 | K18: 8521460385 | L18: DARIYAPUR | N18: Male
A19: 18 | C19: Day Scholar | D19: MD ASIM | E19: SAYEEDUR RAHMAN | F19: NAVERA RAHMAN | H19: III | J19: 9199390869 | N19: Male
A20: 19 | B20: 44634 | C20: Hosteller | D20: SIRAJ AHMAD | E20: KHUSHIRUDDIN SHEKH | G20: 41492 | H20: I | I20: 769234991536 | J20: 9386044411 | K20: 7004550575 | L20: SAGRAMPUR,PAKUR | N20: Male
A21: 20 | C21: Day Scholar | D21: NUSRAT KHATUN | E21: KALAM ANSARI | H21: I | J21: 7667191848 | N21: Female
A22: 21 | C22: Day Scholar | D22: SHAHBAJ ANSARI | E22: KALAM ANSARI | G22: 42327 | H22: UKG | J22: 7667191848 | N22: Male
A23: 22 | C23: Hosteller | D23: MD SAFID | E23: MD SAMSUL HAQUE | H23: UKG | J23: 9955449861 | N23: Male
A24: 23 | B24: 44703 | C24: Hosteller | D24: MD.SAZID ANSARI | E24: MD.SAMSUL HOQUE ANSARI | F24: JAIRUN NISHA | G24: 41402 | H24: IV | I24: 777311579947 | J24: 9955459861 | N24: Male
A25: 24 | B25: 44693 | C25: Day Scholar | D25: AZIZA ASLAMI | E25: ABDUL HAKIM | F25: ESMIRA KHATUN | G25: 42597 | H25: I | J25: 9631552396 | L25: ABDULLAPUR | N25: Female
A26: 25 | B26: 44740 | C26: Day Scholar | D26: AHRAR AHMAD | E26: ABDUL HAKIM | F26: ESMIRA KHATUN | H26: LKG | J26: 9631552396 | K26: 9631552396 | L26: ABDULLAPUR | N26: Male
A27: 26 | B27: 44723 | C27: Day Scholar | D27: NASIB ALAM | E27: SABBIR ALAM | F27: ASNARA KHATUN | G27: 41222 | H27: II | I27: 606211628780 | J27: 7260034191 | K27: 7667144272 | L27: SHRIKUND | N27: Male
A28: 27 | C28: Day Scholar | D28: RUKSAR TABASSUM | E28: BADRUL ISLAM | F28: MUMTAJ BIBI | H28: II | J28: 8340584833 | L28: PURNA PALASBANA | N28: Female
A29: 28 | C29: Hosteller | D29: FAHIM SEKH | E29: KHABIR SEKH | H29: III | J29: 7003238326 | N29: Male
A30: 29 | C30: Hosteller | D30: ASFAK ALAM | E30: SARIFUL HOQUE | H30: II | J30: 8825174593 | N30: Male
A31: 30 | C31: Hosteller | D31: MD REHAN | E31: NASIUR RAHMAN | H31: I | J31: 8969545954 | N31: Male
A32: 31 | B32: 44704 | C32: Hosteller | D32: MALIK ASARI | E32: MD.AMIR HAMJA | F32: RUKSANA BIBI | G32: 41067 | H32: II | I32: 866001943764 | J32: 9771026583 | L32: BARHAIT | N32: Male
A33: 32 | B33: 44704 | C33: Hosteller | D33: IMRAN ANSARI | E33: AMIR HAMZA ANSARI | F33: RUKSANA BIBI | G33: 39878 | H33: V | I33: 493543677435 | J33: 9771026583 | L33: BARHAIT | N33: Male
A34: 33 | C34: Day Scholar | D34: ARMAN IKBAL | E34: ANWAR ALAM | H34: VII | J34: 6201472350 | N34: Male
A35: 34 | B35: 44709 | C35: Hosteller | D35: SAKIB ANSARI | E35: ABDUL GAFFAR ANSARI | F35: HASINA KHATUN | G35: 42193 | H35: LKG | I35: 731849466488 | J35: 9608682077 | K35: 9608682077 | L35: BASDIHA | N35: Male
A36: 35 | B36: 44712 | C36: Day Scholar | D36: ADIL JAMIL | E36: MD.SAGIRUZZAMAN | F36: SHIRI SARMIN | G36: 40822 | H36: IV | I36: 585723050170 | J36: 8434026070 | K36: 9955442128 | L36: ABDULLAHPUR | N36: Male
A37: 36 | B37: 44687 | C37: Day Scholar | D37: TOUHID ALAM | E37: TOFAIL ISLAM | H37: V | I37: 366842848459 | J37: 8340101326 | L37: RAHMATPUR | N37: Male
A38: 37 | C38: Day Scholar | D38: SHAH JISAN | E38: RAFIK ALAM | H38: I | J38: 9955943696 | N38: Male
A39: 38 | B39: 44688 | C39: Hosteller | D39: ZAKE AHMAD MOMIN | E39: ANISUR RAHMAN MOMIN | F39: SHAMIMA KHATUN | H39: UKG | I39: 218062176695 | J39: 9883118912 | N39: Male
A40: 39 | C40: Day Scholar | D40: NAJIJA PARWEEN | E40: HAJIKUL ALAM | H40: VII | J40: 8084078810 | L40: SHRIKUND (GUMANI) | N40: Female
A41: 40 | B41: 44709 | C41: Day Scholar | D41: NIMAT PARVEEN | E41: HAJIKUL ALAM | G41: 42047 | H41: I | I41: 270066829766 | J41: 8084078810 | L41: SHRIKUND (GUMANI) | N41: Female
A42: 41 | C42: Day Scholar | D42: WAJIHA ABDULLAH | E42: FARUK ABDULLAH | H42: III | J42: 8084353536 | L42: HARIHARA | N42: Female
A43: 42 | C43: Day Scholar | D43: MAHDIYA SULTANA | E43: FAHIM AKHTAR | G43: 42198 | H43: I | J43: 9932282091 | L43: KANKJOL | N43: Female
A44: 43 | C44: Day Scholar | D44: SADIYA PARVIN | E44: SALAUDDIN SEKH | H44: IV | J44: 8802630534 | N44: Female
A45: 44 | B45: 44760 | C45: Day Scholar | D45: ISRAT KHATUN | E45: USMAN SHEKH | F45: MOMTAJ BIBI | G45: 41275 | H45: I | I45: 617035664671 | J45: 8292473552 | L45: PURANA PALASBONA | N45: Female
A46: 45 | B46: 44665 | C46: Hosteller | D46: MOHAMMAD AFTAN | E46: ABDUL JABBAR | F46: MABIYA BIBI | G46: 41957 | H46: III | J46: 9006956889 | L46: PALASBONA,GUMANI | N46: Male
A47: 46 | B47: 44607 | C47: Day Scholar | D47: ATIFA NAAZ | E47: TARIQUE ANWAR | F47: KHALEDA KHATUN | G47: 42429 | H47: UKG | I47: 744012517159 | J47: 8271818964 | K47: 9064803071 | L47: KANKJOL,GUMANI | N47: Female
A48: 47 | B48: 44622 | C48: Day Scholar | D48: EHAN ISLAM | E48: ANIKUL ISLAM | F48: MAHFUJA KHATUN | G48: 42276 | H48: I | I48: 971937941455 | J48: 9064803071 | K48: 8436355725 | L48: PALASBONA,GUMANI | N48: Male
A49: 48 | C49: Day Scholar | D49: SAHIDA PARWEEN | E49: JAMIRUL ISLAM | H49: I | J49: 9661301181 | L49: SHRIKUND (GUMANI) | N49: Female
A50: 49 | C50: Day Scholar | D50: FAIYAZ ALAM | E50: MD AKMAL HUSSAIN | H50: V | J50: 6201125220 | L50: PURANA PALASBONA | N50: Male
A51: 50 | B51: 44717 | C51: Hosteller | D51: MD ASLAM | E51: MD BASHARAT | F51: SAMINA KHATOON | G51: 41810 | H51: II | I51: 609858949731 | J51: 8521887277 | K51: 8521887277 | L51: BARMASIA (BARHAIT) | N51: Male
A52: 51 | B52: 44717 | C52: Hosteller | D52: MD AKRAM | E52: MD BASHARAT | F52: SAMINA KHATOON | G52: 40121 | H52: VII | I52: 983004808657 | J52: 8521887277 | K52: 8521887277 | L52: BARMASIA (BARHAIT) | N52: Male
A53: 52 | B53: 44703 | C53: Hosteller | D53: MIFTAHUL ISLAM | E53: MD ALAUDDIN | F53: NAZMUN NESA | G53: 41524 | H53: I | I53: 276346333176 | J53: 9955001819 | L53: PURLIA DANGA | N53: Male
A54: 53 | B54: 44761 | C54: Hosteller | D54: ROSHHAK ANSARI | E54: ISRAIL ANSARI | F54: RESMA BIBI | G54: 41640 | H54: I | I54: 369166235531 | J54: 9801331446 | K54: 9801331446 | L54: KAMALGHATI (HIRANPUR) | N54: Male
A55: 54 | B55: 44761 | C55: Hosteller | D55: MD JAMALUDDIN ANSARI | E55: MD ISRAIL ANSARI | F55: RESMA BIBI | G55: 40361 | H55: II | I55: 330697230232 | J55: 9801331446 | K55: 9801331446 | L55: KAMALGHATI (HIRANPUR) | N55: Male
A56: 55 | B56: 44761 | C56: Hosteller | D56: MD KAMALUDDIN ANSARI | E56: MD ISRAIL ANSARI | F56: RESMA BIBI | G56: 40361 | H56: II | I56: 646878516635 | J56: 9801331446 | K56: 9801331446 | L56: KAMALGHATI (HIRANPUR) | N56: Male
A57: 56 | B57: 44717 | C57: Hosteller | D57: NAFISH IKBAL | E57: AKMAL HUSSAIN | F57: SHABNAM TABASSUM | G57: 42511 | H57: LKG | I57: 712969797535 | J57: 9507632035 | K57: 9507632035 | L57: GAGANPAHARI (PAKUR) | N57: Male
A58: 57 | C58: Day Scholar | D58: FARIK ALAM | E58: SEKH SAIYAD ALI | G58: 42518 | H58: II | L58: PURANA PALASBONA | N58: Male
A59: 58 | C59: Day Scholar | D59: ATIF SAMSH | E59: MD SAMSUL HAQUE | H59: VII | J59: 9771614663 | K59: 9771614663 | L59: ABDULLAHPUR | N59: Male
A60: 59 | C60: Hosteller | D60: ABDUR RAHMAN | E60: MD RAYEES | H60: VII | J60: 8084727740 | L60: LALMATIYA | N60: Male
A61: 60 | C61: Hosteller | D61: ABDUR RAIJAK | E61: MD RAYEES | H61: VI | J61: 8084727740 | L61: LALMATIYA | N61: Male
A62: 61 | C62: Day Scholar | D62: SARTAJ AJIJ | E62: MD IMDAD | H62: II | J62: 7367091296 | N62: Male
A63: 62 | C63: Day Scholar | D63: IMRAUL HASAN | E63: MD RELIM SEKH | H63: II | J63: 7070636161 | N63: Male
A64: 63 | C64: Hosteller | D64: FAHIM AHMAD | E64: FEKARUL ISLAM | G64: 41640 | H64: II | J64: 7903684660 | N64: Male
A65: 64 | C65: Hosteller | D65: ABDUR RAKIB | E65: ZAMIL AKHTAR | H65: II | J65: 7903684660 | N65: Male
A66: 65 | C66: Hosteller | D66: SAKIB AL HASAN | E66: ZAMIL AKHTAR | H66: VI | J66: 7903684660 | N66: Male
A67: 66 | C67: Hosteller | D67: YASIR AHMAD | E67: YUNUS SEKH | H67: VIII | J67: 9006901468 | N67: Male
A68: 67 | B68: 44703 | C68: Hosteller | D68: SATTAR ANSARI | E68: ABDUL BARIK ANSARI | F68: SARIFAN BIBI | G68: 39811 | H68: II | I68: 957070003900 | J68: 9867568256 | L68: DUMARIA | N68: Male
A69: 68 | B69: 44650 | C69: Hosteller | D69: MD TAUFIQUE ANSARI | E69: MD RAFIQUE ANSARI | F69: ISTARA KHATUN | G69: 41128 | H69: III | I69: 607712771955 | J69: 9065969256 | K69: 9631394540 | L69: KHERWA ,BARHET | N69: Male
A70: 69 | B70: 44650 | C70: Hosteller | D70: NAISA PERWIN | E70: MD RAFIQUE ANSARI | F70: ISTARA KHATUN | G70: 42021 | H70: LKG | I70: 756916344463 | J70: 9065969256 | L70: KHERWA, BERHAIT | N70: Female
A71: 70 | B71: 44828 | C71: Hosteller | D71: MD ADIL AZHAR | E71: MD ZIAUL HAQUE | F71: SIRINA PARWIN | G71: 42039 | H71: I | J71: 8809983740 | K71: 9955032141 | L71: SANMANI (BARHET) | N71: Male
A72: 71 | C72: Hosteller | D72: DANISH ANSARI | E72: ABDUL HAMID ANSARI | H72: VI | J72: 9835842208 | N72: Male
A73: 72 | C73: Hosteller | D73: KOYEL AKHTAR | E73: AKHTARUL ISLAM | F73: MHAJURA BIBI | H73: IV | N73: Male
A74: 73 | B74: 44938 | C74: Hosteller | D74: MD JAYED AKHTAT | E74: FEKARUL SHEKH | F74: ROKIYARA BIBI | G74: 41273 | H74: I | I74: 960134360402 | J74: 9534235548 | K74: 9534235548 | L74: JAYKISHTOPUR (PAKUR) | N74: Male
A75: 74 | B75: 44952 | C75: Hosteller | D75: MOHAMMAD AYAAN ANSARI | E75: MOHAMMAD JIYAUL ANSARI | F75: NAJNIN SULTANA | G75: 43709 | H75: LKG | J75: 8809023587 | K75: 9304043436 | L75: HIRANPUR (pakur) | N75: Male
A76: 75 | B76: 44952 | C76: Hosteller | D76: MOHAMMAD FARHAN ANSARI | E76: MOHAMMAD JIYAUL ANSARI | F76: NAJNIN SULTANA | G76: 42384 | H76: I | J76: 8809023587 | K76: 9304043436 | L76: HIRANPUR (pakur) | N76: Male
A77: 76 | B77: 44952 | C77: Hosteller | D77: MOHAMMAD REHAN ANSARI | E77: MOHAMMAD JIYAUL ANSARI | F77: NAJNIN SULTANA | G77: 41853 | H77: III | J77: 8809023587 | K77: 9304043436 | L77: HIRANPUR (pakur) | N77: Male
A78: 77 | B78: 44957 | C78: Day Scholar | D78: SAHEBEJ HASAN | E78: HAVIBUR RAHAMAN | G78: 2009 | H78: VI | I78: 661675736244 | L78: VILL-KANKJOL,KOTALPOKHAR,SAHIBGANJ | N78: Male
A79: 78 | B79: 44985 | C79: Day Scholar | D79: DARAKSHA PARVIN | E79: TASKIL AHMAD | F79: NILUFAR YASMIN | G79: 42856 | H79: NUR | I79: 751057730979 | J79: 7033666624 | K79: 7033666624 | L79: VILL-KANKJOL,KOTALPOKHAR,SAHIBGANJ | N79: Female
A80: 79 | B80: 44994 | C80: Hosteller | D80: MD MUSTAKIM | E80: MD AKHTAR ALAM | F80: KHAIRUN NISHA | G80: 40544 | H80: I | I80: 577045454414 | J80: 9931742146 | K80: 9931742146 | L80: RAMPUR | N80: Male
A81: 80 | B81: 44994 | C81: Hosteller | D81: MD SAHID | E81: MD AZAD ALI | F81: FARIDA KHATOON | G81: 41487 | H81: I | I81: 903093500808 | J81: 6299311049 | K81: 6299311049 | L81: LALBATHANI | N81: Male
A82: 81 | B82: 44994 | C82: Hosteller | D82: MD MODDASSHIR | E82: MD MOJAMMEL HAQUE | F82: SHANAJ PARWEEN | H82: I | I82: 289971787685 | J82: 8051005138 | K82: 8051005138 | L82: LALBATHANI | N82: Male
A83: 82 | B83: 44998 | C83: Hosteller | D83: ASIF AHMAD | E83: MD MUKHTAR ANSARI | F83: JULEKHA KATON | G83: 42503 | H83: NUR | I83: 982858063025 | J83: 8809878555 | K83: 8809878555 | L83: HARINKOL (godda) | N83: Male
A84: 83 | B84: 44999 | C84: Hosteller | D84: HASAN | E84: HASHRUDDIN | F84: HAMIDA | G84: 41270 | H84: III | I84: 723288919547 | J84: 8102113518 | K84: 8102113518 | L84: ILAMI (PAKUR) | N84: Male
A85: 84 | B85: 45006 | C85: Day Scholar | D85: ESMA NAAJ | E85: ANIKUL ISLAM | F85: MAHFUJA KHATUN | G85: 43482 | H85: NUR | I85: 248675295651 | J85: 9064803071 | K85: 8436355725 | L85: PURANA PLASBONA | N85: Female
A86: 85 | B86: 45006 | C86: Hosteller | D86: MD ANAS | E86: MOTIUR RAHMAN | F86: TABASSUM KHATOON | G86: 41640 | H86: I | I86: 681616924448 | J86: 9801054651 | K86: 9199815172 | L86: TALEDIH (dokadih) | N86: Male
A87: 86 | B87: 45017 | C87: Hosteller | D87: MUSHARRAF ANSARI | E87: RAMJAN ANSARI | F87: FAIJUN BIBI | G87: 40009 | H87: II | I87: 892378980000 | J87: 8777097447 | K87: 8777097447 | L87: BIRAJPUR (HIRANPUR) | N87: Male
A88: 87 | B88: 45017 | C88: Hosteller | D88: JAMELA KHATUN | E88: RAMJAN ANSARI | F88: FAIJUN BIBI | G88: 41764 | H88: UKG | I88: 378053937425 | J88: 8777097447 | K88: 8777097447 | L88: BIRAJPUR (HIRANPUR) | N88: Female
A89: 88 | B89: 45017 | C89: Hosteller | D89: ASHARAF ANSARI | E89: IMAMUDIN ANSARI | F89: NASIMA BIBI | G89: 41361 | H89: UKG | I89: 253909735900 | J89: 8777097447 | K89: 8777097447 | L89: BIRAJPUR (HIRANPUR) | N89: Male
A90: 89 | B90: 45026 | C90: Hosteller | D90: NADIM SARFARAZ | E90: SAHDAT ANSARI | F90: SALEHA KHATOON | G90: 40544 | H90: VI | I90: 561735520952 | J90: 6204730680 | K90: 6204730680 | L90: TETARIA MAL (GODDA) | N90: Male
A91: 90 | B91: 45028 | C91: Hosteller | D91: AADIL ANSARI | E91: MD MEARAJ ANSARI | F91: HAJRA KHATUN | G91: 41364 | H91: III | I91: 597600175092 | J91: 9546591339 | K91: 9546591339 | L91: BARHAIT SANTHALI | N91: Male
A92: 91 | C92: Day Scholar | D92: SABA KARIM | E92: MD ASHTAK | F92: SAIYDA BIBI | H92: I | J92: 9162959792 | N92: Male
A93: 92 | C93: Hosteller | D93: SOHEL SEKH | E93: NAUSAD SEKH | H93: VIII | N93: Male
A94: 93 | B94: 44766 | C94: Hosteller | D94: SAHANAWAJ HUSSAIN | E94: RAJIBUL ISLAM | F94: SAHANAJPARVIN | G94: 41825 | H94: III | I94: 265069794885 | J94: 8789153525 | K94: 8789153525 | L94: KANKARBONA (PAKUR) | N94: Male
A95: 94 | B95: 45044 | C95: Hosteller | D95: MD SARTAJ ANSARI | E95: TOFIK ANSARI | F95: SEDUN NISHA ANSARI | G95: 39448 | H95: V | I95: 396656563928 | J95: 9065655516 | K95: 9065655516 | L95: BARHAIT | N95: Male
A96: 95 | B96: 45044 | C96: Hosteller | D96: MD SAMIM ANSARI | E96: TOFIK ANSARI | F96: SEDUN NISHA ANSARI | G96: 40179 | H96: UKG | I96: 356135818500 | J96: 9065655516 | K96: 9065655516 | L96: BARHAIT | N96: Male
A97: 96 | B97: 45045 | C97: Day Scholar | D97: AHAD ANSARI | E97: TAIMUR ANSARI | F97: DIL AFROSE KHATUN | G97: 42895 | H97: LKG | I97: 203418851983 | J97: 9708627203 | K97: 9708627203 | L97: SRIKUND | N97: Male
A98: 97 | B98: 45046 | C98: Hosteller | D98: TAUKIR ALAM | E98: MD MAHBOOB ALAM | F98: NIGAR SULTANA | G98: 40975 | H98: IV | I98: 823527556640 | J98: 7766004567 | K98: 7766004567 | L98: NAKSHIMAL (BARHARWA) | N98: Male
A99: 98 | B99: 45046 | C99: Hosteller | D99: FAISHAL ALAM | E99: MD MEHBOOB ALAM | F99: NIGAR SULTANA | G99: 39926 | H99: VIII | I99: 893363282037 | J99: 7766004567 | K99: 7766004567 | L99: NAKSHIMAL (BARHARWA) | N99: Male
A100: 99 | B100: 45044 | C100: Day Scholar | D100: NURSABA KHATUN | E100: MOTIUR RAHMAN | F100: AZMATUN NESA | H100: VII | J100: 7481895118 | K100: 7481895118 | L100: KANHAIDANGA | N100: Female | O100: left
...

Sheet VAN
A1: Total Students | D1: Overall collection | E1: Monthly total fees collection
A2: =COUNT(A4:A366) -> 12 | D2: =SUM(E2:P2) -> 39905 | E2: =SUM(E4:E1002) -> 0 | F2: =SUM(F4:F1002) -> 0 | G2: =SUM(G4:G1002) -> 0 | H2: =SUM(H4:H1002) -> 9000 | I2: =SUM(I4:I1002) -> 10800 | J2: =SUM(J4:J1002) -> 8305 | K2: =SUM(K4:K1002) -> 3800 | L2: =SUM(L4:L1002) -> 2800 | ... P2: =SUM(P4:P1002) -> 800
A3: Ledger_No. | B3: Student_Name | C3: Father's name | D3: Van Fee | E3: Jan | F3: Feb | G3: Mar | H3: Apr | I3: May | J3: Jun | K3: Jul | L3: Aug | M3: Sep | N3: Oct | O3: Nov | P3: Dec
A4: 9 | B4: =IFERROR(VLOOKUP($A4,Admission!$1:$998,4,0),"") -> NAGMA TABASSUM | C4: =IFERROR(VLOOKUP($A4,Admission!$1:$998,5,0),"") -> MOJIBUR RAHMAN | D4: 1000 | E4: 0 | F4: 0 | G4: 0 | H4: 1000 | I4: 1000 | J4: 1000 | K4: 1000 | L4: 1000
A5: 25 | B5: =IFERROR(VLOOKUP($A5,Admission!$1:$998,4,0),"") -> AHRAR AHMAD | C5: =IFERROR(VLOOKUP($A5,Admission!$1:$998,5,0),"") -> ABDUL HAKIM | D5: 1000 | E5: 0 | F5: 0 | G5: 0 | H5: 1000 | I5: 1000
A6: 24 | B6: =IFERROR(VLOOKUP($A6,Admission!$1:$998,4,0),"") -> AZIZA ASLAMI | C6: =IFERROR(VLOOKUP($A6,Admission!$1:$998,5,0),"") -> ABDUL HAKIM | D6: 1000 | E6: 0 | F6: 0 | G6: 0 | H6: 1000 | I6: 1000
A7: 11 | B7: =IFERROR(VLOOKUP($A7,Admission!$1:$998,4,0),"") -> ABDUL QABEZ | C7: =IFERROR(VLOOKUP($A7,Admission!$1:$998,5,0),"") -> ABDUL QAHAR | D7: 1000 | E7: 0 | F7: 0 | G7: 0 | H7: 1000 | I7: 1000 | J7: 1000
A8: 18 | B8: =IFERROR(VLOOKUP($A8,Admission!$1:$998,4,0),"") -> MD ASIM | C8: =IFERROR(VLOOKUP($A8,Admission!$1:$998,5,0),"") -> SAYEEDUR RAHMAN | D8: 1000 | E8: 0 | F8: 0 | G8: 0 | H8: 1000 | I8: 1000 | J8: 1000 | K8: 1000 | L8: 1000 | M8: 1000 | N8: 1000
A9: 35 | B9: =IFERROR(VLOOKUP($A9,Admission!$1:$998,4,0),"") -> ADIL JAMIL | C9: =IFERROR(VLOOKUP($A9,Admission!$1:$998,5,0),"") -> MD.SAGIRUZZAMAN | D9: 1000 | E9: 0 | F9: 0 | G9: 0 | H9: 1000 | I9: 1000 | J9: 1000
A10: 102 | B10: =IFERROR(VLOOKUP($A10,Admission!$1:$998,4,0),"") -> ABYAZ ALAM | C10: =IFERROR(VLOOKUP($A10,Admission!$1:$998,5,0),"") -> MD MULEUDDIN | D10: 800 | E10: 0 | F10: 0 | G10: 0 | H10: 0 | I10: 800 | J10: 800 | K10: 800 | L10: 800 | M10: 800 | N10: 800 | O10: 800 | P10: 800
A11: 122 | B11: =IFERROR(VLOOKUP($A11,Admission!$1:$998,4,0),"") -> RIFFAT PARWEEN | C11: =IFERROR(VLOOKUP($A11,Admission!$1:$998,5,0),"") -> MUNIRUZZAMAN | D11: 1000 | E11: 0 | F11: 0 | G11: 0 | H11: 0 | I11: 1000 | J11: 1000
A12: 157 | B12: =IFERROR(VLOOKUP($A12,Admission!$1:$998,4,0),"") -> ARHAM ASAD | C12: =IFERROR(VLOOKUP($A12,Admission!$1:$998,5,0),"") -> ASADULLAH | D12: 1000 | E12: 0 | F12: 0 | G12: 0 | H12: 1000 | I12: 1000 | J12: 505
A13: 161 | B13: =IFERROR(VLOOKUP($A13,Admission!$1:$998,4,0),"") -> ASIYA PARVEEN | C13: =IFERROR(VLOOKUP($A13,Admission!$1:$998,5,0),"") -> MOJIBUR RAHMAN | D13: 1000 | E13: 0 | F13: 0 | G13: 0 | H13: 1000 | I13: 1000
A14: 58 | B14: =IFERROR(VLOOKUP($A14,Admission!$1:$998,4,0),"") -> ATIF SAMSH | C14: =IFERROR(VLOOKUP($A14,Admission!$1:$998,5,0),"") -> MD SAMSUL HAQUE | D14: 1000 | E14: 0 | F14: 0 | G14: 0 | H14: 0 | I14: 0 | J14: 1000
A15: 171 | B15: =IFERROR(VLOOKUP($A15,Admission!$1:$998,4,0),"") -> MEHNAZ AKHTAR | C15: =IFERROR(VLOOKUP($A15,Admission!$1:$998,5,0),"") -> SHAMIM AKHTAR | D15: 1000 | E15: 0 | F15: 0 | G15: 0 | H15: 1000 | I15: 1000 | J15: 1000 | K15: 1000
B16: =IFERROR(VLOOKUP($A16,Admission!$1:$998,4,0),"") | C16: =IFERROR(VLOOKUP($A16,Admission!$1:$998,5,0),"")
B17: =IFERROR(VLOOKUP($A17,Admission!$1:$998,4,0),"") | C17: =IFERROR(VLOOKUP($A17,Admission!$1:$998,5,0),"")
B18: =IFERROR(VLOOKUP($A18,Admission!$1:$998,4,0),"") | C18: =IFERROR(VLOOKUP($A18,Admission!$1:$998,5,0),"")
B19: =IFERROR(VLOOKUP($A19,Admission!$1:$998,4,0),"") | C19: =IFERROR(VLOOKUP($A19,Admission!$1:$998,5,0),"")
B20: =IFERROR(VLOOKUP($A20,Admission!$1:$998,4,0),"") | C20: =IFERROR(VLOOKUP($A20,Admission!$1:$998,5,0),"")
B21: =IFERROR(VLOOKUP($A21,Admission!$1:$998,4,0),"") | C21: =IFERROR(VLOOKUP($A21,Admission!$1:$998,5,0),"")
B22: =IFERROR(VLOOKUP($A22,Admission!$1:$998,4,0),"") | C22: =IFERROR(VLOOKUP($A22,Admission!$1:$998,5,0),"")
B23: =IFERROR(VLOOKUP($A23,Admission!$1:$998,4,0),"") | C23: =IFERROR(VLOOKUP($A23,Admission!$1:$998,5,0),"")
B24: =IFERROR(VLOOKUP($A24,Admission!$1:$998,4,0),"") | C24: =IFERROR(VLOOKUP($A24,Admission!$1:$998,5,0),"")
B25: =IFERROR(VLOOKUP($A25,Admission!$1:$998,4,0),"") | C25: =IFERROR(VLOOKUP($A25,Admission!$1:$998,5,0),"")
B26: =IFERROR(VLOOKUP($A26,Admission!$1:$998,4,0),"") | C26: =IFERROR(VLOOKUP($A26,Admission!$1:$998,5,0),"")
B27: =IFERROR(VLOOKUP($A27,Admission!$1:$998,4,0),"") | C27: =IFERROR(VLOOKUP($A27,Admission!$1:$998,5,0),"")
... B150: =IFERROR(VLOOKUP($A150,Admission!$1:$998,4,0),"") | C150: =IFERROR(VLOOKUP($A150,Admission!$1:$998,5,0),"")

Sheet Nur
A1: Total Students | B1: Hosteller | C1: Day Scholar | E1: Overall Collection | F1: Monthly total fees collection
A2: =COUNT(A4:A366) -> 11 | B2: =COUNTIF($E$4:$E$192,B1) -> 2 | C2: =COUNTIF($E$4:$E$192,C1) -> 9 | E2: =SUM(F2:U2) -> 125000 | F2: =SUM(F$4:F$1002) -> 4900 | G2: =SUM(G$4:G$1002) -> 6100 | H2: =SUM(H$4:H$1002) -> 6700 | I2: =SUM(I4:I10) -> 1000 | J2: =SUM(J$4:J$1002) -> 6700 | K2: =SUM(K$4:K$1002) -> 11600 | L2: =SUM(L$4:L$1002) -> 12800 | M2: =SUM(M$4:M$1002) -> 1800 | N2: =SUM(N$4:N$1002) -> 12200 | O2: =SUM(O$4:O$1002) -> 12200 | P2: =SUM(P$4:P$1002) -> 12200 | Q2: =SUM(Q$4:Q$1002) -> 1600 | ... U2: =SUM(U$4:U$1002) -> 11000
A3: Ledger_No. | B3: Student_Name | C3: Father's name | D3: Phone No: | E3: Admission_Type | F3: Apr | G3: May | H3: Jun | I3: Exam | J3: Jul | K3: Aug | L3: Sep | M3: Exam Fee | N3: Oct | O3: Nov | P3: Dec | Q3: Exam Fee | R3: Jan | S3: Feb | T3: Exam Fee | U3: Mar
A4: 78 | B4: =IFERROR(VLOOKUP($A4,Admission!$1:$998,4,0),"") -> DARAKSHA PARVIN | C4: =IFERROR(VLOOKUP($A4,Admission!$1:$998,5,0),"") -> TASKIL AHMAD | D4: =IFERROR(VLOOKUP($A4,Admission!$1:$998,10,0),"") -> 7033666624 | E4: =IFERROR(VLOOKUP($A4,Admission!$1:$998,3,0),"") -> Day Scholar | F4: 600 | G4: 600 | H4: 600 | I4: 200 | J4: 600 | K4: 600 | L4: 600 | M4: 200 | N4: 600 | O4: 600 | P4: 600 | Q4: 200 | R4: 600 | S4: 600 | T4: 200 | U4: 600
A5: 82 | B5: =IFERROR(VLOOKUP($A5,Admission!$1:$998,4,0),"") -> ASIF AHMAD | C5: =IFERROR(VLOOKUP($A5,Admission!$1:$998,5,0),"") -> MD MUKHTAR ANSARI | D5: =IFERROR(VLOOKUP($A5,Admission!$1:$998,10,0),"") -> 8809878555 | E5: =IFERROR(VLOOKUP($A5,Admission!$1:$998,3,0),"") -> Hosteller | F5: 3700 | G5: 3700 | H5: 3700 | I5: 200 | J5: 3700 | K5: 3700 | L5: 3700 | M5: 200 | N5: 3700 | O5: 3700 | P5: 3700 | Q5: 200 | R5: 3700 | S5: 3700 | T5: 200 | U5: 3700
A6: 84 | B6: =IFERROR(VLOOKUP($A6,Admission!$1:$998,4,0),"") -> ESMA NAAJ | C6: =IFERROR(VLOOKUP($A6,Admission!$1:$998,5,0),"") -> ANIKUL ISLAM | D6: =IFERROR(VLOOKUP($A6,Admission!$1:$998,10,0),"") -> 9064803071 | E6: =IFERROR(VLOOKUP($A6,Admission!$1:$998,3,0),"") -> Day Scholar | F6: 600 | G6: 600 | H6: 600 | I6: 200 | J6: 600 | K6: 600 | L6: 600 | M6: 200 | N6: 600 | O6: 600 | P6: 600 | Q6: 200 | R6: 600 | S6: 600 | T6: 200 | U6: 600
A7: 105 | B7: =IFERROR(VLOOKUP($A7,Admission!$1:$998,4,0),"") -> IMRANA HASAN | C7: =IFERROR(VLOOKUP($A7,Admission!$1:$998,5,0),"") -> MD RELIM SHEKH | D7: =IFERROR(VLOOKUP($A7,Admission!$1:$998,10,0),"") -> 7070636161 | E7: =IFERROR(VLOOKUP($A7,Admission!$1:$998,3,0),"") -> Day Scholar | F7: 0 | G7: 600 | H7: 600 | I7: 200 | J7: 600 | K7: 600 | L7: 600 | M7: 200
A8: 137 | B8: =IFERROR(VLOOKUP($A8,Admission!$1:$998,4,0),"") -> ADEEB IMTIYAZ | C8: =IFERROR(VLOOKUP($A8,Admission!$1:$998,5,0),"") -> IMTIYAZ ALAM | D8: =IFERROR(VLOOKUP($A8,Admission!$1:$998,10,0),"") -> 9567188032 | E8: =IFERROR(VLOOKUP($A8,Admission!$1:$998,3,0),"") -> Day Scholar | F8: 0 | G8: 600 | H8: 600 | J8: 600 | K8: 600 | L8: 600 | N8: 600 | O8: 600 | P8: 600
A9: 143 | B9: =IFERROR(VLOOKUP($A9,Admission!$1:$998,4,0),"") -> SAHA ALAM | C9: =IFERROR(VLOOKUP($A9,Admission!$1:$998,5,0),"") -> MD SAMIR SHEKH | D9: =IFERROR(VLOOKUP($A9,Admission!$1:$998,10,0),"") -> 6260898588 | E9: =IFERROR(VLOOKUP($A9,Admission!$1:$998,3,0),"") -> Day Scholar | F9: 0 | G9: 0 | H9: 600 | I9: 200 | J9: 600 | K9: 600 | L9: 600 | M9: 200 | N9: 600 | O9: 600 | P9: 600 | Q9: 200 | R9: 600 | S9: 600 | T9: 200 | U9: 600
B10: =IFERROR(VLOOKUP($A10,Admission!$1:$998,4,0),"") | C10: =IFERROR(VLOOKUP($A10,Admission!$1:$998,5,0),"") | D10: =IFERROR(VLOOKUP($A10,Admission!$1:$998,10,0),"") | E10: =IFERROR(VLOOKUP($A10,Admission!$1:$998,3,0),"")
B11: =IFERROR(VLOOKUP($A11,Admission!$1:$998,4,0),"") | C11: =IFERROR(VLOOKUP($A11,Admission!$1:$998,5,0),"") | D11: =IFERROR(VLOOKUP($A11,Admission!$1:$998,10,0),"") | E11: =IFERROR(VLOOKUP($A11,Admission!$1:$998,3,0),"")
A12: 178 | B12: =IFERROR(VLOOKUP($A12,Admission!$1:$998,4,0),"") -> IZHAAN ADEEB | C12: =IFERROR(VLOOKUP($A12,Admission!$1:$998,5,0),"") -> KAIFUL ISLAM | D12: =IFERROR(VLOOKUP($A12,Admission!$1:$998,10,0),"") -> 7033873731 | E12: =IFERROR(VLOOKUP($A12,Admission!$1:$998,3,0),"") -> Day Scholar | F12: 0 | G12: 0 | H12: 0 | I12: 0 | J12: 0 | K12: 600 | L12: 600 | N12: 600 | O12: 600 | P12: 600 | R12: 600
A13: 179 | B13: =IFERROR(VLOOKUP($A13,Admission!$1:$998,4,0),"") -> FARHAN HAIDER | C13: =IFERROR(VLOOKUP($A13,Admission!$1:$998,5,0),"") -> GULAM HAIDER MANSUNI | D13: =IFERROR(VLOOKUP($A13,Admission!$1:$998,10,0),"") -> 9661404057 | E13: =IFERROR(VLOOKUP($A13,Admission!$1:$998,3,0),"") -> Day Scholar | F13: 0 | G13: 0 | H13: 0 | I13: 0 | J13: 0 | K13: 600 | L13: 600 | M13: 200 | N13: 600 | O13: 600 | P13: 600 | Q13: 200 | R13: 600 | S13: 600 | T13: 200 | U13: 600
A14: 181 | B14: =IFERROR(VLOOKUP($A14,Admission!$1:$998,4,0),"") -> MUSARAAF ANSARI | C14: =IFERROR(VLOOKUP($A14,Admission!$1:$998,5,0),"") -> MANIRUL ANSARI | D14: =IFERROR(VLOOKUP($A14,Admission!$1:$998,10,0),"") -> 6200383504 | E14: =IFERROR(VLOOKUP($A14,Admission!$1:$998,3,0),"") -> Hosteller | F14: 0 | G14: 0 | H14: 0 | I14: 0 | J14: 0 | K14: 3700 | L14: 3700 | M14: 200 | N14: 3700 | O14: 3700 | P14: 3700 | Q14: 200 | R14: 3700 | S14: 3700 | T14: 200 | U14: 3700
A15: 182 | B15: =IFERROR(VLOOKUP($A15,Admission!$1:$998,4,0),"") -> RAHNUMA TANJIR | C15: =IFERROR(VLOOKUP($A15,Admission!$1:$998,5,0),"") -> MD TANJIRUL SHAIKH | D15: =IFERROR(VLOOKUP($A15,Admission!$1:$998,10,0),"") -> 8569061769 | E15: =IFERROR(VLOOKUP($A15,Admission!$1:$998,3,0),"") -> Day Scholar | F15: 0 | G15: 0 | H15: 0 | I15: 0 | J15: 0 | K15: 0 | L15: 600 | M15: 200 | N15: 600 | O15: 600 | P15: 600 | Q15: 200 | R15: 600 | S15: 600 | T15: 200 | U15: 600
A16: 183 | B16: =IFERROR(VLOOKUP($A16,Admission!$1:$998,4,0),"") -> MINSHA PARVEEN | C16: =IFERROR(VLOOKUP($A16,Admission!$1:$998,5,0),"") -> ASHRUDDIN ALAM | D16: =IFERROR(VLOOKUP($A16,Admission!$1:$998,10,0),"") -> 6207575260 | E16: =IFERROR(VLOOKUP($A16,Admission!$1:$998,3,0),"") -> Day Scholar | F16: 0 | G16: 0 | H16: 0 | I16: 0 | J16: 0 | K16: 0 | L16: 600 | M16: 200 | N16: 600 | O16: 600 | P16: 600 | Q16: 200 | R16: 600 | S16: 600 | T16: 200 | U16: 600
B17: =IFERROR(VLOOKUP($A17,Admission!$1:$998,4,0),"") | C17: =IFERROR(VLOOKUP($A17,Admission!$1:$998,5,0),"") | D17: =IFERROR(VLOOKUP($A17,Admission!$1:$998,10,0),"") | E17: =IFERROR(VLOOKUP($A17,Admission!$1:$998,3,0),"")
B18: =IFERROR(VLOOKUP($A18,Admission!$1:$998,4,0),"") | C18: =IFERROR(VLOOKUP($A18,Admission!$1:$998,5,0),"") | D18: =IFERROR(VLOOKUP($A18,Admission!$1:$998,10,0),"") | E18: =IFERROR(VLOOKUP($A18,Admission!$1:$998,3,0),"")
B19: =IFERROR(VLOOKUP($A19,Admission!$1:$998,4,0),"") | C19: =IFERROR(VLOOKUP($A19,Admission!$1:$998,5,0),"") | D19: =IFERROR(VLOOKUP($A19,Admission!$1:$998,10,0),"") | E19: =IFERROR(VLOOKUP($A19,Admission!$1:$998,3,0),"")
B20: =IFERROR(VLOOKUP($A20,Admission!$1:$998,4,0),"") | C20: =IFERROR(VLOOKUP($A20,Admission!$1:$998,5,0),"") | D20: =IFERROR(VLOOKUP($A20,Admission!$1:$998,10,0),"") | E20: =IFERROR(VLOOKUP($A20,Admission!$1:$998,3,0),"")
B21: =IFERROR(VLOOKUP($A21,Admission!$1:$998,4,0),"") | C21: =IFERROR(VLOOKUP($A21,Admission!$1:$998,5,0),"") | D21: =IFERROR(VLOOKUP($A21,Admission!$1:$998,10,0),"") | E21: =IFERROR(VLOOKUP($A21,Admission!$1:$998,3,0),"")
B22: =IFERROR(VLOOKUP($A22,Admission!$1:$998,4,0),"") | C22: =IFERROR(VLOOKUP($A22,Admission!$1:$998,5,0),"") | D22: =IFERROR(VLOOKUP($A22,Admission!$1:$998,10,0),"") | E22: =IFERROR(VLOOKUP($A22,Admission!$1:$998,3,0),"")
B23: =IFERROR(VLOOKUP($A23,Admission!$1:$998,4,0),"") | C23: =IFERROR(VLOOKUP($A23,Admission!$1:$998,5,0),"") | D23: =IFERROR(VLOOKUP($A23,Admission!$1:$998,10,0),"") | E23: =IFERROR(VLOOKUP($A23,Admission!$1:$998,3,0),"")
B24: =IFERROR(VLOOKUP($A24,Admission!$1:$998,4,0),"") | C24: =IFERROR(VLOOKUP($A24,Admission!$1:$998,5,0),"") | D24: =IFERROR(VLOOKUP($A24,Admission!$1:$998,10,0),"") | E24: =IFERROR(VLOOKUP($A24,Admission!$1:$998,3,0),"")
B25: =IFERROR(VLOOKUP($A25,Admission!$1:$998,4,0),"") | C25: =IFERROR(VLOOKUP($A25,Admission!$1:$998,5,0),"") | D25: =IFERROR(VLOOKUP($A25,Admission!$1:$998,10,0),"") | E25: =IFERROR(VLOOKUP($A25,Admission!$1:$998,3,0),"")
B26: =IFERROR(VLOOKUP($A26,Admission!$1:$998,4,0),"") | C26: =IFERROR(VLOOKUP($A26,Admission!$1:$998,5,0),"") | D26: =IFERROR(VLOOKUP($A26,Admission!$1:$998,10,0),"") | E26: =IFERROR(VLOOKUP($A26,Admission!$1:$998,3,0),"")
B27: =IFERROR(VLOOKUP($A27,Admission!$1:$998,4,0),"") | C27: =IFERROR(VLOOKUP($A27,Admission!$1:$998,5,0),"") | D27: =IFERROR(VLOOKUP($A27,Admission!$1:$998,10,0),"") | E27: =IFERROR(VLOOKUP($A27,Admission!$1:$998,3,0),"")
B28: =IFERROR(VLOOKUP($A28,Admission!$1:$998,4,0),"") | C28: =IFERROR(VLOOKUP($A28,Admission!$1:$998,5,0),"") | D28: =IFERROR(VLOOKUP($A28,Admission!$1:$998,10,0),"") | E28: =IFERROR(VLOOKUP($A28,Admission!$1:$998,3,0),"")
... B150: =IFERROR(VLOOKUP($A150,Admission!$1:$998,4,0),"") | C150: =IFERROR(VLOOKUP($A150,Admission!$1:$998,5,0),"") | D150: =IFERROR(VLOOKUP($A150,Admission!$1:$998,10,0),"") | E150: =IFERROR(VLOOKUP($A150,Admission!$1:$998,3,0),"")
E151: =IFERROR(VLOOKUP($A151,Admission!150:1145,3,0),"")
E152: =IFERROR(VLOOKUP($A152,Admission!151:1146,3,0),"")
E153: =IFERROR(VLOOKUP($A153,Admission!152:1147,3,0),"")
E154: =IFERROR(VLOOKUP($A154,Admission!153:1148,3,0),"")
E155: =IFERROR(VLOOKUP($A155,Admission!154:1149,3,0),"")
E156: =IFERROR(VLOOKUP($A156,Admission!155:1150,3,0),"")
E157: =IFERROR(VLOOKUP($A157,Admission!156:1151,3,0),"")
E158: =IFERROR(VLOOKUP($A158,Admission!157:1152,3,0),"")
E159: =IFERROR(VLOOKUP($A159,Admission!158:1153,3,0),"")
E160: =IFERROR(VLOOKUP($A160,Admission!159:1154,3,0),"")
E161: =IFERROR(VLOOKUP($A161,Admission!160:1155,3,0),"")
E162: =IFERROR(VLOOKUP($A162,Admission!161:1156,3,0),"")
E163: =IFERROR(VLOOKUP($A163,Admission!162:1157,3,0),"")
E164: =IFERROR(VLOOKUP($A164,Admission!163:1158,3,0),"")
E165: =IFERROR(VLOOKUP($A165,Admission!164:1159,3,0),"")
E166: =IFERROR(VLOOKUP($A166,Admission!165:1160,3,0),"")
E167: =IFERROR(VLOOKUP($A167,Admission!166:1161,3,0),"")
E168: =IFERROR(VLOOKUP($A168,Admission!167:1162,3,0),"")
E169: =IFERROR(VLOOKUP($A169,Admission!168:1163,3,0),"")
E170: =IFERROR(VLOOKUP($A170,Admission!169:1164,3,0),"")
E171: =IFERROR(VLOOKUP($A171,Admission!170:1165,3,0),"")
E172: =IFERROR(VLOOKUP($A172,Admission!171:1166,3,0),"")
E173: =IFERROR(VLOOKUP($A173,Admission!172:1167,3,0),"")
E174: =IFERROR(VLOOKUP($A174,Admission!173:1168,3,0),"")
E175: =IFERROR(VLOOKUP($A175,Admission!174:1169,3,0),"")
E176: =IFERROR(VLOOKUP($A176,Admission!175:1170,3,0),"")
E177: =IFERROR(VLOOKUP($A177,Admission!176:1171,3,0),"")
E178: =IFERROR(VLOOKUP($A178,Admission!177:1172,3,0),"")
E179: =IFERROR(VLOOKUP($A179,Admission!178:1173,3,0),"")
E180: =IFERROR(VLOOKUP($A180,Admission!178:1174,3,0),"")
E181: =IFERROR(VLOOKUP($A181,Admission!178:1175,3,0),"")
E182: =IFERROR(VLOOKUP($A182,Admission!178:1176,3,0),"")
E183: =IFERROR(VLOOKUP($A183,Admission!178:1177,3,0),"")
E184: =IFERROR(VLOOKUP($A184,Admission!179:1178,3,0),"")
E185: =IFERROR(VLOOKUP($A185,Admission!180:1179,3,0),"")
E186: =IFERROR(VLOOKUP($A186,Admission!181:1180,3,0),"")
E187: =IFERROR(VLOOKUP($A187,Admission!182:1181,3,0),"")
E188: =IFERROR(VLOOKUP($A188,Admission!183:1182,3,0),"")
E189: =IFERROR(VLOOKUP($A189,Admission!184:1183,3,0),"")
E190: =IFERROR(VLOOKUP($A190,Admission!181:1184,3,0),"")
E191: =IFERROR(VLOOKUP($A191,Admission!178:1185,3,0),"")
E192: =IFERROR(VLOOKUP($A192,Admission!179:1186,3,0),"")

Sheet LKG
A1: z | B1: Hosteller | C1: Day Scholar | E1: Overall Collection | F1: Monthly total fees collection
A2: =COUNT(A4:A363) -> 13 | B2: =COUNTIF($E$4:$E$189,B1) -> 8 | C2: =COUNTIF($E$4:$E$189,C1) -> 5 | E2: =SUM(F2:U2) -> 360752 | F2: =SUM(F$4:F$1000) -> 16000 | G2: =SUM(G$4:G$1000) -> 21500 | H2: =SUM(H4:H16) -> 1500 | I2: =SUM(I$4:I$1000) -> 32000 | J2: =SUM(J$4:J$1000) -> 32000 | K2: =SUM(K$4:K$1000) -> 31000 | L2: =SUM(L$4:L$1000) -> 32000 | M2: =SUM(M$4:M$1000) -> 1500 | N2: =SUM(N$4:N$1000) -> 32000 | O2: =SUM(O$4:O$1000) -> 32000 | P2: =SUM(P$4:P$1000) -> 32000 | ... U2: =SUM(U$4:U$1000) -> 31402
A3: Ledger_No. | B3: Student_Name | C3: Father's name | D3: Phone No: | E3: Admission_Type | F3: Apr | G3: May | I3: Jun | J3: Jul | K3: Aug | L3: Sep | M3: Exam Fee | N3: Oct | O3: Nov | P3: Dec | Q3: Exam Fee | R3: Jan | S3: Feb | T3: Exam Fee | U3: Mar
A4: 25 | B4: =IFERROR(VLOOKUP($A4,Admission!$1:$998,4,0),"") -> AHRAR AHMAD | C4: =IFERROR(VLOOKUP($A4,Admission!$1:$998,5,0),"") -> ABDUL HAKIM | D4: =IFERROR(VLOOKUP($A4,Admission!$1:$998,10,0),"") -> 9631552396 | E4: =IFERROR(VLOOKUP($A4,Admission!$1:$998,3,0),"") -> Day Scholar | F4: 600 | G4: 600 | H4: 200 | I4: 600 | J4: 600 | K4: 600 | L4: 600 | M4: 200 | N4: 600 | O4: 600 | P4: 600 | Q4: 200 | R4: 600 | S4: 600 | T4: 200 | U4: 600
A5: 118 | B5: =IFERROR(VLOOKUP($A5,Admission!$1:$998,4,0),"") -> SAJID AKHTAR | C5: =IFERROR(VLOOKUP($A5,Admission!$1:$998,5,0),"") -> MD ZIYAUR RAHMAN | D5: =IFERROR(VLOOKUP($A5,Admission!$1:$998,10,0),"") -> 9199391535 | E5: =IFERROR(VLOOKUP($A5,Admission!$1:$998,3,0),"") -> Hosteller | F5: 0 | G5: 600 | H5: 150 | I5: 3700 | J5: 3700 | K5: 3700 | L5: 3700 | M5: 150 | N5: 3700 | O5: 3700 | P5: 3700 | R5: 3700 | S5: 3700 | U5: 3700
A6: 34 | B6: =IFERROR(VLOOKUP($A6,Admission!$1:$998,4,0),"") -> SAKIB ANSARI | C6: =IFERROR(VLOOKUP($A6,Admission!$1:$998,5,0),"") -> ABDUL GAFFAR ANSARI | D6: =IFERROR(VLOOKUP($A6,Admission!$1:$998,10,0),"") -> 9608682077 | E6: =IFERROR(VLOOKUP($A6,Admission!$1:$998,3,0),"") -> Hosteller | F6: 3700 | G6: 3700 | H6: 150 | I6: 3700 | J6: 3700 | K6: 3700 | L6: 3700 | M6: 150 | N6: 3700 | O6: 3700 | P6: 3700 | Q6: 150 | R6: 3700 | S6: 3700 | T6: 150 | U6: 3700
A7: 56 | B7: =IFERROR(VLOOKUP($A7,Admission!$1:$998,4,0),"") -> NAFISH IKBAL | C7: =IFERROR(VLOOKUP($A7,Admission!$1:$998,5,0),"") -> AKMAL HUSSAIN | D7: =IFERROR(VLOOKUP($A7,Admission!$1:$998,10,0),"") -> 9507632035 | E7: =IFERROR(VLOOKUP($A7,Admission!$1:$998,3,0),"") -> Hosteller | F7: 3700 | G7: 3700 | H7: 150 | I7: 3700 | J7: 3700 | K7: 3700 | L7: 3700 | M7: 150 | N7: 3700 | O7: 3700 | P7: 3700 | Q7: 150 | R7: 3700 | S7: 3700 | T7: 150 | U7: 3700
A8: 7 | B8: =IFERROR(VLOOKUP($A8,Admission!$1:$998,4,0),"") -> PARWEJ ISLAM | C8: =IFERROR(VLOOKUP($A8,Admission!$1:$998,5,0),"") -> RAFIKUL ISLAM | D8: =IFERROR(VLOOKUP($A8,Admission!$1:$998,10,0),"") -> 9142128216 | E8: =IFERROR(VLOOKUP($A8,Admission!$1:$998,3,0),"") -> Hosteller | F8: 3700 | G8: 3700 | H8: 150 | I8: 3700 | J8: 3700 | K8: 3700 | L8: 3700 | N8: 3700 | O8: 3700 | P8: 3700 | R8: 3700 | S8: 3700 | U8: 3700
A9: 74 | B9: =IFERROR(VLOOKUP($A9,Admission!$1:$998,4,0),"") -> MOHAMMAD AYAAN ANSARI | C9: =IFERROR(VLOOKUP($A9,Admission!$1:$998,5,0),"") -> MOHAMMAD JIYAUL ANSARI | D9: =IFERROR(VLOOKUP($A9,Admission!$1:$998,10,0),"") -> 8809023587 | E9: =IFERROR(VLOOKUP($A9,Admission!$1:$998,3,0),"") -> Hosteller | F9: 3700 | G9: 3700 | H9: 150 | I9: 3700 | J9: 3700 | K9: 3700 | L9: 3700 | M9: 150 | N9: 3700 | O9: 3700 | P9: 3700 | Q9: 150 | R9: 3700 | S9: 3700 | U9: 3700
A10: 96 | B10: =IFERROR(VLOOKUP($A10,Admission!$1:$998,4,0),"") -> AHAD ANSARI | C10: =IFERROR(VLOOKUP($A10,Admission!$1:$998,5,0),"") -> TAIMUR ANSARI | D10: =IFERROR(VLOOKUP($A10,Admission!$1:$998,10,0),"") -> 9708627203 | E10: =IFERROR(VLOOKUP($A10,Admission!$1:$998,3,0),"") -> Day Scholar | F10: 0 | G10: 600 | I10: 600 | J10: 600 | K10: 600 | L10: 600 | M10: 150 | N10: 600 | O10: 600 | P10: 600 | Q10: 150 | R10: 600 | S10: 600 | T10: 150 | U10: 600
A11: 102 | B11: =IFERROR(VLOOKUP($A11,Admission!$1:$998,4,0),"") -> ABYAZ ALAM | C11: =IFERROR(VLOOKUP($A11,Admission!$1:$998,5,0),"") -> MD MULEUDDIN | D11: =IFERROR(VLOOKUP($A11,Admission!$1:$998,10,0),"") -> 6205109895 | E11: =IFERROR(VLOOKUP($A11,Admission!$1:$998,3,0),"") -> Day Scholar | F11: 0 | G11: 600 | H11: 200 | I11: 600 | J11: 600 | K11: 600 | L11: 600 | M11: 150 | N11: 600 | O11: 600 | P11: 600 | Q11: 200 | R11: 600
A12: 113 | B12: =IFERROR(VLOOKUP($A12,Admission!$1:$998,4,0),"") -> MD HUSEL NABIL | C12: =IFERROR(VLOOKUP($A12,Admission!$1:$998,5,0),"") -> MD AMJAD ANSARI | D12: =IFERROR(VLOOKUP($A12,Admission!$1:$998,10,0),"") -> 9771026503 | E12: =IFERROR(VLOOKUP($A12,Admission!$1:$998,3,0),"") -> Hosteller | F12: 0 | G12: 3700 | H12: 200 | I12: 3700 | J12: 3700 | K12: 3700 | L12: 3700 | M12: 200 | N12: 3700 | O12: 3700 | P12: 3700 | Q12: 200 | R12: 3700 | S12: 3700 | T12: 200 | U12: 3700
A13: 120 | B13: =IFERROR(VLOOKUP($A13,Admission!$1:$998,4,0),"") -> MD FAHIM | C13: =IFERROR(VLOOKUP($A13,Admission!$1:$998,5,0),"") -> ABDUL HAMID ANSARI | D13: =IFERROR(VLOOKUP($A13,Admission!$1:$998,10,0),"") -> 9835842208 | E13: =IFERROR(VLOOKUP($A13,Admission!$1:$998,3,0),"") -> Hosteller | F13: 0 | G13: 0 | I13: 3700 | J13: 3700 | K13: 2700 | L13: 3700 | N13: 3700 | O13: 3700 | P13: 3700 | R13: 3700 | S13: 3700 | U13: 3700
A14: 156 | B14: =IFERROR(VLOOKUP($A14,Admission!$1:$998,4,0),"") -> NIYAZ AHMAD | C14: =IFERROR(VLOOKUP($A14,Admission!$1:$998,5,0),"") -> MD SELIM | D14: =IFERROR(VLOOKUP($A14,Admission!$1:$998,10,0),"") -> 8789734647 | E14: =IFERROR(VLOOKUP($A14,Admission!$1:$998,3,0),"") -> Day Scholar | F14: 600 | G14: 600 | H14: 150 | I14: 600 | J14: 600 | K14: 600 | L14: 600 | M14: 200 | N14: 600 | O14: 600 | P14: 600 | Q14: 200 | R14: 600 | S14: 600 | T14: 200 | U14: 600
A15: 157 | B15: =IFERROR(VLOOKUP($A15,Admission!$1:$998,4,0),"") -> ARHAM ASAD | C15: =IFERROR(VLOOKUP($A15,Admission!$1:$998,5,0),"") -> ASADULLAH | D15: =IFERROR(VLOOKUP($A15,Admission!$1:$998,10,0),"") -> 9955016677 | E15: =IFERROR(VLOOKUP($A15,Admission!$1:$998,3,0),"") -> Day Scholar | F15: free | G15: free | H15: free | I15: free | J15: free | K15: free | L15: free | M15: free | N15: free | O15: free | P15: free | Q15: free | R15: free | S15: free | T15: free | U15: 2
A16: 166 | B16: TAMIM IKBAL | C16: =IFERROR(VLOOKUP($A16,Admission!$1:$998,5,0),"") -> JAUHAR ALAM | D16: =IFERROR(VLOOKUP($A16,Admission!$1:$998,10,0),"") -> 9304562957 | E16: =IFERROR(VLOOKUP($A16,Admission!$1:$998,3,0),"") -> Hosteller | F16: 0 | G16: 0 | H16: 0 | I16: 3700 | J16: 3700 | K16: 3700 | L16: 3700 | N16: 3700 | O16: 3700 | P16: 3700 | R16: 3700 | S16: 3700 | U16: 3700
B17: =IFERROR(VLOOKUP($A17,Admission!$1:$998,4,0),"") | C17: =IFERROR(VLOOKUP($A17,Admission!$1:$998,5,0),"") | D17: =IFERROR(VLOOKUP($A17,Admission!$1:$998,10,0),"") | E17: =IFERROR(VLOOKUP($A17,Admission!$1:$998,3,0),"")
B18: =IFERROR(VLOOKUP($A18,Admission!$1:$998,4,0),"") | C18: =IFERROR(VLOOKUP($A18,Admission!$1:$998,5,0),"") | D18: =IFERROR(VLOOKUP($A18,Admission!$1:$998,10,0),"") | E18: =IFERROR(VLOOKUP($A18,Admission!$1:$998,3,0),"")
B19: =IFERROR(VLOOKUP($A19,Admission!$1:$998,4,0),"") | C19: =IFERROR(VLOOKUP($A19,Admission!$1:$998,5,0),"") | D19: =IFERROR(VLOOKUP($A19,Admission!$1:$998,10,0),"") | E19: =IFERROR(VLOOKUP($A19,Admission!$1:$998,3,0),"")
B20: =IFERROR(VLOOKUP($A20,Admission!$1:$998,4,0),"") | C20: =IFERROR(VLOOKUP($A20,Admission!$1:$998,5,0),"") | D20: =IFERROR(VLOOKUP($A20,Admission!$1:$998,10,0),"") | E20: =IFERROR(VLOOKUP($A20,Admission!$1:$998,3,0),"")
B21: =IFERROR(VLOOKUP($A21,Admission!$1:$998,4,0),"") | C21: =IFERROR(VLOOKUP($A21,Admission!$1:$998,5,0),"") | D21: =IFERROR(VLOOKUP($A21,Admission!$1:$998,10,0),"") | E21: =IFERROR(VLOOKUP($A21,Admission!$1:$998,3,0),"")
B22: =IFERROR(VLOOKUP($A22,Admission!$1:$998,4,0),"") | C22: =IFERROR(VLOOKUP($A22,Admission!$1:$998,5,0),"") | D22: =IFERROR(VLOOKUP($A22,Admission!$1:$998,10,0),"") | E22: =IFERROR(VLOOKUP($A22,Admission!$1:$998,3,0),"")
B23: =IFERROR(VLOOKUP($A23,Admission!$1:$998,4,0),"") | C23: =IFERROR(VLOOKUP($A23,Admission!$1:$998,5,0),"") | D23: =IFERROR(VLOOKUP($A23,Admission!$1:$998,10,0),"") | E23: =IFERROR(VLOOKUP($A23,Admission!$1:$998,3,0),"")
B24: =IFERROR(VLOOKUP($A24,Admission!$1:$998,4,0),"") | C24: =IFERROR(VLOOKUP($A24,Admission!$1:$998,5,0),"") | D24: =IFERROR(VLOOKUP($A24,Admission!$1:$998,10,0),"") | E24: =IFERROR(VLOOKUP($A24,Admission!$1:$998,3,0),"")
B25: =IFERROR(VLOOKUP($A25,Admission!$1:$998,4,0),"") | C25: =IFERROR(VLOOKUP($A25,Admission!$1:$998,5,0),"") | D25: =IFERROR(VLOOKUP($A25,Admission!$1:$998,10,0),"") | E25: =IFERROR(VLOOKUP($A25,Admission!$1:$998,3,0),"")
B26: =IFERROR(VLOOKUP($A26,Admission!$1:$998,4,0),"") | C26: =IFERROR(VLOOKUP($A26,Admission!$1:$998,5,0),"") | D26: =IFERROR(VLOOKUP($A26,Admission!$1:$998,10,0),"") | E26: =IFERROR(VLOOKUP($A26,Admission!$1:$998,3,0),"")
B27: =IFERROR(VLOOKUP($A27,Admission!$1:$998,4,0),"") | C27: =IFERROR(VLOOKUP($A27,Admission!$1:$998,5,0),"") | D27: =IFERROR(VLOOKUP($A27,Admission!$1:$998,10,0),"") | E27: =IFERROR(VLOOKUP($A27,Admission!$1:$998,3,0),"")
B28: =IFERROR(VLOOKUP($A28,Admission!$1:$998,4,0),"") | C28: =IFERROR(VLOOKUP($A28,Admission!$1:$998,5,0),"") | D28: =IFERROR(VLOOKUP($A28,Admission!$1:$998,10,0),"") | E28: =IFERROR(VLOOKUP($A28,Admission!$1:$998,3,0),"")
... B50: =IFERROR(VLOOKUP($A50,Admission!$1:$998,4,0),"") | C50: =IFERROR(VLOOKUP($A50,Admission!$1:$998,5,0),"") | D50: =IFERROR(VLOOKUP($A50,Admission!$1:$998,10,0),"") | E50: =IFERROR(VLOOKUP($A50,Admission!$1:$998,3,0),"")
B51: =IFERROR(VLOOKUP($A51,Admission!$1:$998,4,0),"") | C51: =IFERROR(VLOOKUP($A51,Admission!$1:$998,5,0),"") | E51: =IFERROR(VLOOKUP($A51,Admission!$1:$998,3,0),"")
B52: =IFERROR(VLOOKUP($A52,Admission!$1:$998,4,0),"") | C52: =IFERROR(VLOOKUP($A52,Admission!$1:$998,5,0),"") | E52: =IFERROR(VLOOKUP($A52,Admission!$1:$998,3,0),"")
B53: =IFERROR(VLOOKUP($A53,Admission!$1:$998,4,0),"") | C53: =IFERROR(VLOOKUP($A53,Admission!$1:$998,5,0),"") | E53: =IFERROR(VLOOKUP($A53,Admission!$1:$998,3,0),"")
B54: =IFERROR(VLOOKUP($A54,Admission!$1:$998,4,0),"") | C54: =IFERROR(VLOOKUP($A54,Admission!$1:$998,5,0),"") | E54: =IFERROR(VLOOKUP($A54,Admission!$1:$998,3,0),"")
B55: =IFERROR(VLOOKUP($A55,Admission!$1:$998,4,0),"") | C55: =IFERROR(VLOOKUP($A55,Admission!$1:$998,5,0),"") | E55: =IFERROR(VLOOKUP($A55,Admission!$1:$998,3,0),"")
B56: =IFERROR(VLOOKUP($A56,Admission!$1:$998,4,0),"") | C56: =IFERROR(VLOOKUP($A56,Admission!$1:$998,5,0),"") | E56: =IFERROR(VLOOKUP($A56,Admission!$1:$998,3,0),"")
B57: =IFERROR(VLOOKUP($A57,Admission!$1:$998,4,0),"") | C57: =IFERROR(VLOOKUP($A57,Admission!$1:$998,5,0),"") | E57: =IFERROR(VLOOKUP($A57,Admission!$1:$998,3,0),"")
B58: =IFERROR(VLOOKUP($A58,Admission!$1:$998,4,0),"") | C58: =IFERROR(VLOOKUP($A58,Admission!$1:$998,5,0),"") | E58: =IFERROR(VLOOKUP($A58,Admission!$1:$998,3,0),"")
B59: =IFERROR(VLOOKUP($A59,Admission!$1:$998,4,0),"") | C59: =IFERROR(VLOOKUP($A59,Admission!$1:$998,5,0),"") | E59: =IFERROR(VLOOKUP($A59,Admission!$1:$998,3,0),"")
B60: =IFERROR(VLOOKUP($A60,Admission!$1:$998,4,0),"") | C60: =IFERROR(VLOOKUP($A60,Admission!$1:$998,5,0),"") | E60: =IFERROR(VLOOKUP($A60,Admission!$1:$998,3,0),"")
B61: =IFERROR(VLOOKUP($A61,Admission!$1:$998,4,0),"") | C61: =IFERROR(VLOOKUP($A61,Admission!$1:$998,5,0),"") | E61: =IFERROR(VLOOKUP($A61,Admission!$1:$998,3,0),"")
B62: =IFERROR(VLOOKUP($A62,Admission!$1:$998,4,0),"") | C62: =IFERROR(VLOOKUP($A62,Admission!$1:$998,5,0),"") | E62: =IFERROR(VLOOKUP($A62,Admission!$1:$998,3,0),"")
... B147: =IFERROR(VLOOKUP($A147,Admission!$1:$998,4,0),"") | C147: =IFERROR(VLOOKUP($A147,Admission!$1:$998,5,0),"") | E147: =IFERROR(VLOOKUP($A147,Admission!$1:$998,3,0),"")
E148: =IFERROR(VLOOKUP($A148,Admission!150:1145,3,0),"")
E149: =IFERROR(VLOOKUP($A149,Admission!151:1146,3,0),"")
E150: =IFERROR(VLOOKUP($A150,Admission!152:1147,3,0),"")
E151: =IFERROR(VLOOKUP($A151,Admission!153:1148,3,0),"")
E152: =IFERROR(VLOOKUP($A152,Admission!154:1149,3,0),"")
E153: =IFERROR(VLOOKUP($A153,Admission!155:1150,3,0),"")
E154: =IFERROR(VLOOKUP($A154,Admission!156:1151,3,0),"")
E155: =IFERROR(VLOOKUP($A155,Admission!157:1152,3,0),"")
E156: =IFERROR(VLOOKUP($A156,Admission!158:1153,3,0),"")
E157: =IFERROR(VLOOKUP($A157,Admission!159:1154,3,0),"")
E158: =IFERROR(VLOOKUP($A158,Admission!160:1155,3,0),"")
E159: =IFERROR(VLOOKUP($A159,Admission!161:1156,3,0),"")
E160: =IFERROR(VLOOKUP($A160,Admission!162:1157,3,0),"")
E161: =IFERROR(VLOOKUP($A161,Admission!163:1158,3,0),"")
E162: =IFERROR(VLOOKUP($A162,Admission!164:1159,3,0),"")
E163: =IFERROR(VLOOKUP($A163,Admission!165:1160,3,0),"")
E164: =IFERROR(VLOOKUP($A164,Admission!166:1161,3,0),"")
E165: =IFERROR(VLOOKUP($A165,Admission!167:1162,3,0),"")
E166: =IFERROR(VLOOKUP($A166,Admission!168:1163,3,0),"")
E167: =IFERROR(VLOOKUP($A167,Admission!169:1164,3,0),"")
E168: =IFERROR(VLOOKUP($A168,Admission!170:1165,3,0),"")
E169: =IFERROR(VLOOKUP($A169,Admission!171:1166,3,0),"")
E170: =IFERROR(VLOOKUP($A170,Admission!172:1167,3,0),"")
E171: =IFERROR(VLOOKUP($A171,Admission!173:1168,3,0),"")
E172: =IFERROR(VLOOKUP($A172,Admission!174:1169,3,0),"")
E173: =IFERROR(VLOOKUP($A173,Admission!175:1170,3,0),"")
E174: =IFERROR(VLOOKUP($A174,Admission!176:1171,3,0),"")
E175: =IFERROR(VLOOKUP($A175,Admission!177:1172,3,0),"")
E176: =IFERROR(VLOOKUP($A176,Admission!178:1173,3,0),"")
E177: =IFERROR(VLOOKUP($A177,Admission!178:1174,3,0),"")
E178: =IFERROR(VLOOKUP($A178,Admission!178:1175,3,0),"")
E179: =IFERROR(VLOOKUP($A179,Admission!178:1176,3,0),"")
E180: =IFERROR(VLOOKUP($A180,Admission!178:1177,3,0),"")
E181: =IFERROR(VLOOKUP($A181,Admission!179:1178,3,0),"")
E182: =IFERROR(VLOOKUP($A182,Admission!180:1179,3,0),"")
E183: =IFERROR(VLOOKUP($A183,Admission!181:1180,3,0),"")
E184: =IFERROR(VLOOKUP($A184,Admission!182:1181,3,0),"")
E185: =IFERROR(VLOOKUP($A185,Admission!183:1182,3,0),"")
E186: =IFERROR(VLOOKUP($A186,Admission!184:1183,3,0),"")
E187: =IFERROR(VLOOKUP($A187,Admission!181:1184,3,0),"")
E188: =IFERROR(VLOOKUP($A188,Admission!178:1185,3,0),"")
E189: =IFERROR(VLOOKUP($A189,Admission!179:1186,3,0),"")

Sheet UKG
B1: Hosteller | C1: Day Scholar | E1: Overall Collection | F1: Monthly total fees collection
A2: =COUNT(A4:A358) -> 22 | B2: =COUNTIF($E$4:$E$184,B1) -> 17 | C2: =COUNTIF($E$4:$E$184,C1) -> 5 | E2: =SUM(F2:U2) -> 747600 | F2: =SUM(F$4:F$998) -> 21500 | G2: =SUM(G$4:G$998) -> 40000 | H2: =SUM(H$4:H$998) -> 62200 | I2: =SUM(I4:I24) -> 3000 | J2: =SUM(J$4:J$998) -> 65900 | K2: =SUM(K$4:K$998) -> 65900 | L2: =SUM(L$4:L$998) -> 65900 | M2: =SUM(M$4:M$998) -> 3600 | N2: =SUM(N$4:N$998) -> 69000 | O2: =SUM(O$4:O$998) -> 69000 | P2: =SUM(P$4:P$998) -> 69000 | Q2: =SUM(Q$4:Q$998) -> 3000 | ... U2: =SUM(U$4:U$998) -> 68600
A3: Ledger_No. | B3: Student_Name | C3: Father's name | D3: Phone No: | E3: Admission_Type | F3: Apr | G3: May | H3: Jun | I3: Exam | J3: Jul | K3: Aug | L3: Sep | M3: Exam Fee | N3: Oct | O3: Nov | P3: Dec | Q3: Exam Fee | R3: Jan | S3: Feb | T3: Exam Fee | U3: Mar
A4: 13 | B4: =IFERROR(VLOOKUP($A4,Admission!$1:$998,4,0),"") -> RASHID JAMAL | C4: =IFERROR(VLOOKUP($A4,Admission!$1:$998,5,0),"") -> IMTEYAZ AHMAD | D4: =IFERROR(VLOOKUP($A4,Admission!$1:$998,10,0),"") -> 7739447180 | E4: =IFERROR(VLOOKUP($A4,Admission!$1:$998,3,0),"") -> Hosteller | F4: 3700 | G4: 3700 | H4: 3700 | I4: 200 | J4: 3700 | K4: 3700 | L4: 3700 | M4: 200 | N4: 3700 | O4: 3700 | P4: 3700 | Q4: 200 | R4: 3700 | S4: 3700 | U4: 3700
A5: 15 | B5: =IFERROR(VLOOKUP($A5,Admission!$1:$998,4,0),"") -> WASI AHAMAD | C5: =IFERROR(VLOOKUP($A5,Admission!$1:$998,5,0),"") -> MD.MUKHTAR ANSARI | D5: =IFERROR(VLOOKUP($A5,Admission!$1:$998,10,0),"") -> 8809878555 | E5: =IFERROR(VLOOKUP($A5,Admission!$1:$998,3,0),"") -> Hosteller | F5: 3700 | G5: 3700 | H5: 3700 | I5: 200 | J5: 3700 | K5: 3700 | L5: 3700 | M5: 200 | N5: 3700 | O5: 3700 | P5: 3700 | Q5: 200 | R5: 3700 | S5: 3700 | T5: 200 | U5: 3700
A6: 21 | B6: =IFERROR(VLOOKUP($A6,Admission!$1:$998,4,0),"") -> SHAHBAJ ANSARI | C6: =IFERROR(VLOOKUP($A6,Admission!$1:$998,5,0),"") -> KALAM ANSARI | D6: =IFERROR(VLOOKUP($A6,Admission!$1:$998,10,0),"") -> 7667191848 | E6: =IFERROR(VLOOKUP($A6,Admission!$1:$998,3,0),"") -> Day Scholar | F6: 600 | G6: 600 | H6: 600 | I6: 200 | J6: 600 | K6: 600 | L6: 600 | M6: 200 | N6: 600 | O6: 600 | P6: 600 | Q6: 200 | R6: 600 | S6: 600 | T6: 200 | U6: 600
A7: 22 | B7: =IFERROR(VLOOKUP($A7,Admission!$1:$998,4,0),"") -> MD SAFID | C7: =IFERROR(VLOOKUP($A7,Admission!$1:$998,5,0),"") -> MD SAMSUL HAQUE | D7: =IFERROR(VLOOKUP($A7,Admission!$1:$998,10,0),"") -> 9955449861 | E7: =IFERROR(VLOOKUP($A7,Admission!$1:$998,3,0),"") -> Hosteller | F7: 3700 | G7: 3700 | H7: 3700 | J7: 3700 | K7: 3700 | L7: 3700 | N7: 3700 | O7: 3700 | P7: 3700 | R7: 3700 | S7: 3700 | U7: 3700
A8: 38 | B8: =IFERROR(VLOOKUP($A8,Admission!$1:$998,4,0),"") -> ZAKE AHMAD MOMIN | C8: =IFERROR(VLOOKUP($A8,Admission!$1:$998,5,0),"") -> ANISUR RAHMAN MOMIN | D8: =IFERROR(VLOOKUP($A8,Admission!$1:$998,10,0),"") -> 9883118912 | E8: =IFERROR(VLOOKUP($A8,Admission!$1:$998,3,0),"") -> Hosteller | F8: 3700 | G8: 3700 | H8: 3700 | I8: 200 | J8: 3700 | K8: 3700 | L8: 3700 | M8: 200 | N8: 3700 | O8: 3700 | P8: 3700 | Q8: 200 | R8: 3700 | S8: 3700 | T8: 200 | U8: 3700
A9: 46 | B9: =IFERROR(VLOOKUP($A9,Admission!$1:$998,4,0),"") -> ATIFA NAAZ | C9: =IFERROR(VLOOKUP($A9,Admission!$1:$998,5,0),"") -> TARIQUE ANWAR | D9: =IFERROR(VLOOKUP($A9,Admission!$1:$998,10,0),"") -> 8271818964 | E9: =IFERROR(VLOOKUP($A9,Admission!$1:$998,3,0),"") -> Day Scholar | F9: 600 | G9: 600 | H9: 600 | I9: 200 | J9: 600 | K9: 600 | L9: 600 | M9: 200 | N9: 600 | O9: 600 | P9: 600 | Q9: 200 | R9: 600 | S9: 600 | T9: 200 | U9: 200
A10: 87 | B10: =IFERROR(VLOOKUP($A10,Admission!$1:$998,4,0),"") -> JAMELA KHATUN | C10: =IFERROR(VLOOKUP($A10,Admission!$1:$998,5,0),"") -> RAMJAN ANSARI | D10: =IFERROR(VLOOKUP($A10,Admission!$1:$998,10,0),"") -> 8777097447 | E10: =IFERROR(VLOOKUP($A10,Admission!$1:$998,3,0),"") -> Hosteller | F10: 0 | G10: 3700 | H10: 3700 | I10: 150 | J10: 3700 | K10: 3700 | L10: 3700 | M10: 200 | N10: 3700 | O10: 3700 | P10: 3700 | Q10: 200 | R10: 3700 | S10: 3700 | T10: 200 | U10: 3700
A11: 88 | B11: =IFERROR(VLOOKUP($A11,Admission!$1:$998,4,0),"") -> ASHARAF ANSARI | C11: =IFERROR(VLOOKUP($A11,Admission!$1:$998,5,0),"") -> IMAMUDIN ANSARI | D11: =IFERROR(VLOOKUP($A11,Admission!$1:$998,10,0),"") -> 8777097447 | E11: =IFERROR(VLOOKUP($A11,Admission!$1:$998,3,0),"") -> Hosteller | F11: 0 | G11: 3700 | H11: 3700 | I11: 150 | J11: 3700 | K11: 3700 | L11: 3700 | M11: 200 | N11: 3700 | O11: 3700 | P11: 3700 | Q11: 200 | R11: 3700 | S11: 3700 | T11: 200 | U11: 3700
A12: 95 | B12: MD SAMIM ANSARI | C12: TOFIK ANSARI | D12: 8821258796 | E12: =IFERROR(VLOOKUP($A12,Admission!$1:$998,3,0),"") -> Hosteller | F12: 0 | G12: 3700 | H12: 3700 | I12: 150 | J12: 3700 | K12: 3700 | L12: 3700 | M12: 200 | N12: 3700 | O12: 3700 | P12: 3700 | R12: 3700 | S12: 3700 | T12: 200 | U12: 3700
A13: 103 | B13: =IFERROR(VLOOKUP($A13,Admission!$1:$998,4,0),"") -> SAFIK ANSARI | C13: =IFERROR(VLOOKUP($A13,Admission!$1:$998,5,0),"") -> NUR HUSEN | D13: =IFERROR(VLOOKUP($A13,Admission!$1:$998,10,0),"") -> 8797884145 | E13: =IFERROR(VLOOKUP($A13,Admission!$1:$998,3,0),"") -> Hosteller | F13: 0 | G13: 3700 | H13: 3700 | J13: 3700 | K13: 3700 | L13: 3700 | N13: 3700 | O13: 3700 | P13: 3700 | R13: 3700 | S13: 3700 | U13: 3700
A14: 112 | B14: =IFERROR(VLOOKUP($A14,Admission!$1:$998,4,0),"") -> MD ATIF SAHAL | C14: =IFERROR(VLOOKUP($A14,Admission!$1:$998,5,0),"") -> MD AMJAAD ANSARI | D14: =IFERROR(VLOOKUP($A14,Admission!$1:$998,10,0),"") -> 9771026583 | E14: =IFERROR(VLOOKUP($A14,Admission!$1:$998,3,0),"") -> Hosteller | F14: 0 | G14: 3700 | H14: 3700 | I14: 200 | J14: 3700 | K14: 3700 | L14: 3700 | M14: 200 | N14: 3700 | O14: 3700 | P14: 3700 | Q14: 200 | R14: 3700 | S14: 3700 | T14: 200 | U14: 3700
A15: 133 | B15: =IFERROR(VLOOKUP($A15,Admission!$1:$998,4,0),"") -> MARJIYA PARVEEN | C15: =IFERROR(VLOOKUP($A15,Admission!$1:$998,5,0),"") -> ABDUL KHABIR | D15: =IFERROR(VLOOKUP($A15,Admission!$1:$998,10,0),"") -> 9572384523 | E15: =IFERROR(VLOOKUP($A15,Admission!$1:$998,3,0),"") -> Hosteller | F15: 3700 | G15: 3700 | H15: 3700 | J15: 3700 | K15: 3700 | L15: 3700 | N15: 3700 | O15: 3700 | P15: 3700 | R15: 3700 | S15: 3700 | U15: 3700
A16: 149 | B16: =IFERROR(VLOOKUP($A16,Admission!$1:$998,4,0),"") -> TUHINA KHATUN | C16: =IFERROR(VLOOKUP($A16,Admission!$1:$998,5,0),"") -> RUHUL SHEKH | D16: =IFERROR(VLOOKUP($A16,Admission!$1:$998,10,0),"") -> 8210692094 | E16: =IFERROR(VLOOKUP($A16,Admission!$1:$998,3,0),"") -> Hosteller | F16: 0 | G16: 0 | H16: 3700 | I16: 200 | J16: 3700 | K16: 3700 | L16: 3700 | M16: 200 | N16: 3700 | O16: 3700 | P16: 3700 | Q16: 200 | R16: 3700 | S16: 3700 | T16: 200 | U16: 3700
A17: 151 | B17: =IFERROR(VLOOKUP($A17,Admission!$1:$998,4,0),"") -> NASHRIN KHATUN | C17: =IFERROR(VLOOKUP($A17,Admission!$1:$998,5,0),"") -> MD MANSUR SHEKH | D17: =IFERROR(VLOOKUP($A17,Admission!$1:$998,10,0),"") -> 9060522417 | E17: =IFERROR(VLOOKUP($A17,Admission!$1:$998,3,0),"") -> Hosteller | F17: 0 | G17: 0 | H17: 3700 | I17: 200 | J17: 3700 | K17: 3700 | L17: 3700 | M17: 200 | N17: 3700 | O17: 3700 | P17: 3700 | Q17: 200 | R17: 3700 | S17: 3700 | T17: 200 | U17: 3700
A18: 153 | B18: =IFERROR(VLOOKUP($A18,Admission!$1:$998,4,0),"") -> SHAHNAWAJ HUSSAIN | C18: =IFERROR(VLOOKUP($A18,Admission!$1:$998,5,0),"") -> MD SADDAM HUSSAIN | D18: =IFERROR(VLOOKUP($A18,Admission!$1:$998,10,0),"") -> 9980324610 | E18: =IFERROR(VLOOKUP($A18,Admission!$1:$998,3,0),"") -> Hosteller | F18: 0 | G18: 0 | H18: 3700 | J18: 3700 | K18: 3700 | L18: 3700 | M18: 200 | N18: 3700 | O18: 3700 | P18: 3700 | Q18: 200 | R18: 3700 | S18: 3700 | T18: 200 | U18: 3700
A19: 164 | B19: =IFERROR(VLOOKUP($A19,Admission!$1:$998,4,0),"") -> NAJMI ALAM | C19: =IFERROR(VLOOKUP($A19,Admission!$1:$998,5,0),"") -> APTARUL SHAIKH | D19: =IFERROR(VLOOKUP($A19,Admission!$1:$998,10,0),"") -> 6200832993 | E19: =IFERROR(VLOOKUP($A19,Admission!$1:$998,3,0),"") -> Hosteller | F19: 0 | G19: 0 | H19: 3700 | I19: 200 | J19: 3700 | K19: 3700 | L19: 3700 | M19: 200 | N19: 3700 | O19: 3700 | P19: 3700 | Q19: 200 | R19: 3700 | S19: 3700 | T19: 200 | U19: 3700
A20: 165 | B20: =IFERROR(VLOOKUP($A20,Admission!$1:$998,4,0),"") -> AYAN RAHMAN | C20: =IFERROR(VLOOKUP($A20,Admission!$1:$998,5,0),"") -> OBAIDUR RAHMAN | D20: =IFERROR(VLOOKUP($A20,Admission!$1:$998,10,0),"") -> 8340523933 | E20: =IFERROR(VLOOKUP($A20,Admission!$1:$998,3,0),"") -> Hosteller | F20: 0 | G20: 0 | H20: 3700 | I20: 200 | J20: 3700 | K20: 3700 | L20: 3700 | M20: 200 | N20: 3700 | O20: 3700 | P20: 3700 | Q20: 200 | R20: 3700 | S20: 3700 | T20: 200 | U20: 3700
A21: 167 | B21: =IFERROR(VLOOKUP($A21,Admission!$1:$998,4,0),"") -> ATIK ALAM | C21: =IFERROR(VLOOKUP($A21,Admission!$1:$998,5,0),"") -> ATABUL SHAIKH | D21: =IFERROR(VLOOKUP($A21,Admission!$1:$998,10,0),"") -> 6201046143 | E21: =IFERROR(VLOOKUP($A21,Admission!$1:$998,3,0),"") -> Hosteller | F21: 0 | G21: 0 | H21: 3700 | J21: 3700 | K21: 3700 | L21: 3700 | N21: 3700 | O21: 3700 | P21: 3700 | R21: 3700 | S21: 3700 | U21: 3700
A22: 170 | B22: =IFERROR(VLOOKUP($A22,Admission!$1:$998,4,0),"") -> ASAD GANI | C22: =IFERROR(VLOOKUP($A22,Admission!$1:$998,5,0),"") -> ABDUL GANI | D22: =IFERROR(VLOOKUP($A22,Admission!$1:$998,10,0),"") -> 8521469562 | E22: =IFERROR(VLOOKUP($A22,Admission!$1:$998,3,0),"") -> Day Scholar | F22: 600 | G22: 600 | H22: 600 | I22: 200 | J22: 600 | K22: 600 | L22: 600 | M22: 200 | N22: 600 | O22: 600 | P22: 600 | Q22: 200 | R22: 600 | S22: 600 | T22: 200 | U22: 600
A23: 172 | B23: =IFERROR(VLOOKUP($A23,Admission!$1:$998,4,0),"") -> NAFISH AHMAD | C23: =IFERROR(VLOOKUP($A23,Admission!$1:$998,5,0),"") -> NASIM AHMAD | D23: =IFERROR(VLOOKUP($A23,Admission!$1:$998,10,0),"") -> 9431388244 | E23: =IFERROR(VLOOKUP($A23,Admission!$1:$998,3,0),"") -> Day Scholar | F23: 600 | G23: 600 | H23: 600 | I23: 200 | J23: 600 | K23: 600 | L23: 600 | M23: 200 | N23: 3700 | O23: 3700 | P23: 3700 | Q23: 200 | R23: 3700 | S23: 3700 | T23: 200 | U23: 3700
A24: 174 | B24: =IFERROR(VLOOKUP($A24,Admission!$1:$998,4,0),"") -> RAHNUMA KHATUN | C24: =IFERROR(VLOOKUP($A24,Admission!$1:$998,5,0),"") -> ABUL KASIM | D24: =IFERROR(VLOOKUP($A24,Admission!$1:$998,10,0),"") -> 8709903830 | E24: =IFERROR(VLOOKUP($A24,Admission!$1:$998,3,0),"") -> Day Scholar | F24: 600 | G24: 600 | H24: 600 | I24: 150 | J24: 600 | K24: 600 | L24: 600 | M24: 200 | N24: 600 | O24: 600 | P24: 600 | R24: 600 | S24: 600 | U24: 600
A25: 177 | B25: =IFERROR(VLOOKUP($A25,Admission!$1:$998,4,0),"") -> NABEEL ANSARI | C25: =IFERROR(VLOOKUP($A25,Admission!$1:$998,5,0),"") -> ABDUR RAQUIB | D25: =IFERROR(VLOOKUP($A25,Admission!$1:$998,10,0),"") -> 7250389312 | E25: =IFERROR(VLOOKUP($A25,Admission!$1:$998,3,0),"") -> Hosteller | F25: 0 | G25: 0 | H25: 0 | I25: 0 | J25: 3700 | K25: 3700 | L25: 3700 | M25: 200 | N25: 3700 | O25: 3700 | P25: 3700 | R25: 3700 | S25: 3700 | U25: 3700
B26: =IFERROR(VLOOKUP($A26,Admission!$1:$998,4,0),"") | C26: =IFERROR(VLOOKUP($A26,Admission!$1:$998,5,0),"") | D26: =IFERROR(VLOOKUP($A26,Admission!$1:$998,10,0),"") | E26: =IFERROR(VLOOKUP($A26,Admission!$1:$998,3,0),"")
B27: =IFERROR(VLOOKUP($A27,Admission!$1:$998,4,0),"") | C27: =IFERROR(VLOOKUP($A27,Admission!$1:$998,5,0),"") | D27: =IFERROR(VLOOKUP($A27,Admission!$1:$998,10,0),"") | E27: =IFERROR(VLOOKUP($A27,Admission!$1:$998,3,0),"")
B28: =IFERROR(VLOOKUP($A28,Admission!$1:$998,4,0),"") | C28: =IFERROR(VLOOKUP($A28,Admission!$1:$998,5,0),"") | D28: =IFERROR(VLOOKUP($A28,Admission!$1:$998,10,0),"") | E28: =IFERROR(VLOOKUP($A28,Admission!$1:$998,3,0),"")
B29: =IFERROR(VLOOKUP($A29,Admission!$1:$998,4,0),"") | C29: =IFERROR(VLOOKUP($A29,Admission!$1:$998,5,0),"") | D29: =IFERROR(VLOOKUP($A29,Admission!$1:$998,10,0),"") | E29: =IFERROR(VLOOKUP($A29,Admission!$1:$998,3,0),"")
B30: =IFERROR(VLOOKUP($A30,Admission!$1:$998,4,0),"") | C30: =IFERROR(VLOOKUP($A30,Admission!$1:$998,5,0),"") | D30: =IFERROR(VLOOKUP($A30,Admission!$1:$998,10,0),"") | E30: =IFERROR(VLOOKUP($A30,Admission!$1:$998,3,0),"")
B31: =IFERROR(VLOOKUP($A31,Admission!$1:$998,4,0),"") | C31: =IFERROR(VLOOKUP($A31,Admission!$1:$998,5,0),"") | D31: =IFERROR(VLOOKUP($A31,Admission!$1:$998,10,0),"") | E31: =IFERROR(VLOOKUP($A31,Admission!$1:$998,3,0),"")
B32: =IFERROR(VLOOKUP($A32,Admission!$1:$998,4,0),"") | C32: =IFERROR(VLOOKUP($A32,Admission!$1:$998,5,0),"") | D32: =IFERROR(VLOOKUP($A32,Admission!$1:$998,10,0),"") | E32: =IFERROR(VLOOKUP($A32,Admission!$1:$998,3,0),"")
B33: =IFERROR(VLOOKUP($A33,Admission!$1:$998,4,0),"") | C33: =IFERROR(VLOOKUP($A33,Admission!$1:$998,5,0),"") | D33: =IFERROR(VLOOKUP($A33,Admission!$1:$998,10,0),"") | E33: =IFERROR(VLOOKUP($A33,Admission!$1:$998,3,0),"")
B34: =IFERROR(VLOOKUP($A34,Admission!$1:$998,4,0),"") | C34: =IFERROR(VLOOKUP($A34,Admission!$1:$998,5,0),"") | D34: =IFERROR(VLOOKUP($A34,Admission!$1:$998,10,0),"") | E34: =IFERROR(VLOOKUP($A34,Admission!$1:$998,3,0),"")
B35: =IFERROR(VLOOKUP($A35,Admission!$1:$998,4,0),"") | C35: =IFERROR(VLOOKUP($A35,Admission!$1:$998,5,0),"") | D35: =IFERROR(VLOOKUP($A35,Admission!$1:$998,10,0),"") | E35: =IFERROR(VLOOKUP($A35,Admission!$1:$998,3,0),"")
B36: =IFERROR(VLOOKUP($A36,Admission!$1:$998,4,0),"") | C36: =IFERROR(VLOOKUP($A36,Admission!$1:$998,5,0),"") | E36: =IFERROR(VLOOKUP($A36,Admission!$1:$998,3,0),"")
B37: =IFERROR(VLOOKUP($A37,Admission!$1:$998,4,0),"") | C37: =IFERROR(VLOOKUP($A37,Admission!$1:$998,5,0),"") | E37: =IFERROR(VLOOKUP($A37,Admission!$1:$998,3,0),"")
B38: =IFERROR(VLOOKUP($A38,Admission!$1:$998,4,0),"") | C38: =IFERROR(VLOOKUP($A38,Admission!$1:$998,5,0),"") | E38: =IFERROR(VLOOKUP($A38,Admission!$1:$998,3,0),"")
B39: =IFERROR(VLOOKUP($A39,Admission!$1:$998,4,0),"") | C39: =IFERROR(VLOOKUP($A39,Admission!$1:$998,5,0),"") | E39: =IFERROR(VLOOKUP($A39,Admission!$1:$998,3,0),"")
B40: =IFERROR(VLOOKUP($A40,Admission!$1:$998,4,0),"") | C40: =IFERROR(VLOOKUP($A40,Admission!$1:$998,5,0),"") | E40: =IFERROR(VLOOKUP($A40,Admission!$1:$998,3,0),"")
B41: =IFERROR(VLOOKUP($A41,Admission!$1:$998,4,0),"") | C41: =IFERROR(VLOOKUP($A41,Admission!$1:$998,5,0),"") | E41: =IFERROR(VLOOKUP($A41,Admission!$1:$998,3,0),"")
B42: =IFERROR(VLOOKUP($A42,Admission!$1:$998,4,0),"") | C42: =IFERROR(VLOOKUP($A42,Admission!$1:$998,5,0),"") | E42: =IFERROR(VLOOKUP($A42,Admission!$1:$998,3,0),"")
B43: =IFERROR(VLOOKUP($A43,Admission!$1:$998,4,0),"") | C43: =IFERROR(VLOOKUP($A43,Admission!$1:$998,5,0),"") | E43: =IFERROR(VLOOKUP($A43,Admission!$1:$998,3,0),"")
B44: =IFERROR(VLOOKUP($A44,Admission!$1:$998,4,0),"") | C44: =IFERROR(VLOOKUP($A44,Admission!$1:$998,5,0),"") | E44: =IFERROR(VLOOKUP($A44,Admission!$1:$998,3,0),"")
B45: =IFERROR(VLOOKUP($A45,Admission!$1:$998,4,0),"") | C45: =IFERROR(VLOOKUP($A45,Admission!$1:$998,5,0),"") | E45: =IFERROR(VLOOKUP($A45,Admission!$1:$998,3,0),"")
B46: =IFERROR(VLOOKUP($A46,Admission!$1:$998,4,0),"") | C46: =IFERROR(VLOOKUP($A46,Admission!$1:$998,5,0),"") | E46: =IFERROR(VLOOKUP($A46,Admission!$1:$998,3,0),"")
B47: =IFERROR(VLOOKUP($A47,Admission!$1:$998,4,0),"") | C47: =IFERROR(VLOOKUP($A47,Admission!$1:$998,5,0),"") | E47: =IFERROR(VLOOKUP($A47,Admission!$1:$998,3,0),"")
... B142: =IFERROR(VLOOKUP($A142,Admission!$1:$998,4,0),"") | C142: =IFERROR(VLOOKUP($A142,Admission!$1:$998,5,0),"") | E142: =IFERROR(VLOOKUP($A142,Admission!$1:$998,3,0),"")
E143: =IFERROR(VLOOKUP($A143,Admission!150:1145,3,0),"")
E144: =IFERROR(VLOOKUP($A144,Admission!151:1146,3,0),"")
E145: =IFERROR(VLOOKUP($A145,Admission!152:1147,3,0),"")
E146: =IFERROR(VLOOKUP($A146,Admission!153:1148,3,0),"")
E147: =IFERROR(VLOOKUP($A147,Admission!154:1149,3,0),"")
E148: =IFERROR(VLOOKUP($A148,Admission!155:1150,3,0),"")
E149: =IFERROR(VLOOKUP($A149,Admission!156:1151,3,0),"")
E150: =IFERROR(VLOOKUP($A150,Admission!157:1152,3,0),"")
E151: =IFERROR(VLOOKUP($A151,Admission!158:1153,3,0),"")
E152: =IFERROR(VLOOKUP($A152,Admission!159:1154,3,0),"")
E153: =IFERROR(VLOOKUP($A153,Admission!160:1155,3,0),"")
E154: =IFERROR(VLOOKUP($A154,Admission!161:1156,3,0),"")
E155: =IFERROR(VLOOKUP($A155,Admission!162:1157,3,0),"")
E156: =IFERROR(VLOOKUP($A156,Admission!163:1158,3,0),"")
E157: =IFERROR(VLOOKUP($A157,Admission!164:1159,3,0),"")
E158: =IFERROR(VLOOKUP($A158,Admission!165:1160,3,0),"")
E159: =IFERROR(VLOOKUP($A159,Admission!166:1161,3,0),"")
E160: =IFERROR(VLOOKUP($A160,Admission!167:1162,3,0),"")
E161: =IFERROR(VLOOKUP($A161,Admission!168:1163,3,0),"")
E162: =IFERROR(VLOOKUP($A162,Admission!169:1164,3,0),"")
E163: =IFERROR(VLOOKUP($A163,Admission!170:1165,3,0),"")
E164: =IFERROR(VLOOKUP($A164,Admission!171:1166,3,0),"")
E165: =IFERROR(VLOOKUP($A165,Admission!172:1167,3,0),"")
E166: =IFERROR(VLOOKUP($A166,Admission!173:1168,3,0),"")
E167: =IFERROR(VLOOKUP($A167,Admission!174:1169,3,0),"")
E168: =IFERROR(VLOOKUP($A168,Admission!175:1170,3,0),"")
E169: =IFERROR(VLOOKUP($A169,Admission!176:1171,3,0),"")
E170: =IFERROR(VLOOKUP($A170,Admission!177:1172,3,0),"")
E171: =IFERROR(VLOOKUP($A171,Admission!178:1173,3,0),"")
E172: =IFERROR(VLOOKUP($A172,Admission!178:1174,3,0),"")
E173: =IFERROR(VLOOKUP($A173,Admission!178:1175,3,0),"")
E174: =IFERROR(VLOOKUP($A174,Admission!178:1176,3,0),"")
E175: =IFERROR(VLOOKUP($A175,Admission!178:1177,3,0),"")
E176: =IFERROR(VLOOKUP($A176,Admission!179:1178,3,0),"")
E177: =IFERROR(VLOOKUP($A177,Admission!180:1179,3,0),"")
E178: =IFERROR(VLOOKUP($A178,Admission!181:1180,3,0),"")
E179: =IFERROR(VLOOKUP($A179,Admission!182:1181,3,0),"")
E180: =IFERROR(VLOOKUP($A180,Admission!183:1182,3,0),"")
E181: =IFERROR(VLOOKUP($A181,Admission!184:1183,3,0),"")
E182: =IFERROR(VLOOKUP($A182,Admission!181:1184,3,0),"")
E183: =IFERROR(VLOOKUP($A183,Admission!178:1185,3,0),"")
E184: =IFERROR(VLOOKUP($A184,Admission!179:1186,3,0),"")

Sheet I
A1: s | B1: Hosteller | C1: Day Scholar | E1: Overall Collection | F1: Monthly total fees collection
A2: =COUNT(A4:A365) -> 31 | B2: =COUNTIF($E$4:$E$191,B1) -> 17 | C2: =COUNTIF($E$4:$E$191,C1) -> 14 | E2: =SUM(F2:U2) -> 733900 | F2: =SUM(F$4:F$1001) -> 52100 | G2: =SUM(G$4:G$1001) -> 56500 | H2: =SUM(H$4:H$1001) -> 67000 | I2: =SUM(I4:I34) -> 4300 | J2: =SUM(J$4:J$1001) -> 67000 | K2: =SUM(K$4:K$1001) -> 67000 | L2: =SUM(L$4:L$1001) -> 67000 | M2: =SUM(M$4:M$1001) -> 4200 | N2: =SUM(N$4:N$1001) -> 60200 | O2: =SUM(O$4:O$1001) -> 59600 | P2: =SUM(P$4:P$1001) -> 55900 | Q2: =SUM(Q$4:Q$1001) -> 3400 | ... U2: =SUM(U$4:U$1001) -> 55300
A3: Ledger_No. | B3: Student_Name | C3: Father's name | D3: Phone No: | E3: Admission_Type | F3: Apr | G3: May | H3: Jun | I3: Eame | J3: Jul | K3: Aug | L3: Sep | M3: Exam Fee | N3: Oct | O3: Nov | P3: Dec | Q3: Exam Fee | R3: Jan | S3: Feb | T3: Exam Fee | U3: Mar
A4: 3 | B4: =IFERROR(VLOOKUP($A4,Admission!$1:$998,4,0),"") -> TANISHA NAJ | C4: =IFERROR(VLOOKUP($A4,Admission!$1:$998,5,0),"") -> MD JARRAR HUSSAIN | D4: =IFERROR(VLOOKUP($A4,Admission!$1:$998,10,0),"") -> 7654919187 | E4: =IFERROR(VLOOKUP($A4,Admission!$1:$998,3,0),"") -> Day Scholar | F4: 600 | G4: 600 | H4: 600 | J4: 600 | K4: 600 | L4: 600 | N4: 600 | O4: left | P4: left | Q4: left | R4: left | S4: left | T4: left | U4: left
A5: 5 | B5: =IFERROR(VLOOKUP($A5,Admission!$1:$998,4,0),"") -> ARHAAN HAQUE | C5: =IFERROR(VLOOKUP($A5,Admission!$1:$998,5,0),"") -> IZAJUL HAQUE | D5: =IFERROR(VLOOKUP($A5,Admission!$1:$998,10,0),"") -> 9507760994 | E5: =IFERROR(VLOOKUP($A5,Admission!$1:$998,3,0),"") -> Day Scholar | F5: 600 | G5: 600 | H5: 600 | I5: 200 | J5: 600 | K5: 600 | L5: 600 | M5: 200 | N5: 600 | O5: 600 | P5: 600 | R5: 600 | S5: left | T5: left | U5: left
A6: 7 | B6: =IFERROR(VLOOKUP($A6,Admission!$1:$998,4,0),"") -> PARWEJ ISLAM | C6: =IFERROR(VLOOKUP($A6,Admission!$1:$998,5,0),"") -> RAFIKUL ISLAM | D6: =IFERROR(VLOOKUP($A6,Admission!$1:$998,10,0),"") -> 9142128216 | E6: =IFERROR(VLOOKUP($A6,Admission!$1:$998,3,0),"") -> Hosteller | F6: 3700 | G6: 3700 | H6: 3700 | J6: 3700 | K6: 3700 | L6: 3700 | N6: 3700 | O6: 3700 | P6: 3700 | R6: 3700 | S6: 3700 | U6: 3700
A7: 19 | B7: =IFERROR(VLOOKUP($A7,Admission!$1:$998,4,0),"") -> SIRAJ AHMAD | C7: =IFERROR(VLOOKUP($A7,Admission!$1:$998,5,0),"") -> KHUSHIRUDDIN SHEKH | D7: =IFERROR(VLOOKUP($A7,Admission!$1:$998,10,0),"") -> 9386044411 | E7: =IFERROR(VLOOKUP($A7,Admission!$1:$998,3,0),"") -> Hosteller | F7: 3700 | G7: 3700 | H7: 3700 | I7: 200 | J7: 3700 | K7: 3700 | L7: 3700 | M7: 200 | N7: 3700 | O7: 3700 | P7: 3700 | Q7: 200 | R7: 3700 | S7: 3700 | T7: 200 | U7: 3700
A8: 20 | B8: =IFERROR(VLOOKUP($A8,Admission!$1:$998,4,0),"") -> NUSRAT KHATUN | C8: =IFERROR(VLOOKUP($A8,Admission!$1:$998,5,0),"") -> KALAM ANSARI | D8: =IFERROR(VLOOKUP($A8,Admission!$1:$998,10,0),"") -> 7667191848 | E8: =IFERROR(VLOOKUP($A8,Admission!$1:$998,3,0),"") -> Day Scholar | F8: 600 | G8: 600 | H8: 600 | I8: 200 | J8: 600 | K8: 600 | L8: 600 | M8: 200 | N8: 600 | O8: 600 | P8: 600 | Q8: 200 | R8: 600 | S8: 600 | T8: 200 | U8: 600
A9: 24 | B9: =IFERROR(VLOOKUP($A9,Admission!$1:$998,4,0),"") -> AZIZA ASLAMI | C9: =IFERROR(VLOOKUP($A9,Admission!$1:$998,5,0),"") -> ABDUL HAKIM | D9: =IFERROR(VLOOKUP($A9,Admission!$1:$998,10,0),"") -> 9631552396 | E9: =IFERROR(VLOOKUP($A9,Admission!$1:$998,3,0),"") -> Day Scholar | F9: 600 | G9: 600 | H9: 600 | I9: 200 | J9: 600 | K9: 600 | L9: 600 | M9: 200 | N9: 600 | O9: 600 | P9: 600 | Q9: 200 | R9: 600 | S9: 600 | T9: 200 | U9: 600
A10: 30 | B10: =IFERROR(VLOOKUP($A10,Admission!$1:$998,4,0),"") -> MD REHAN | C10: =IFERROR(VLOOKUP($A10,Admission!$1:$998,5,0),"") -> NASIUR RAHMAN | D10: =IFERROR(VLOOKUP($A10,Admission!$1:$998,10,0),"") -> 8969545954 | E10: =IFERROR(VLOOKUP($A10,Admission!$1:$998,3,0),"") -> Hosteller | F10: 600 | G10: 600 | H10: 3700 | I10: 200 | J10: 3700 | K10: 3700 | L10: 3700 | M10: 200 | N10: 600 | O10: 600 | P10: 600 | Q10: 200 | R10: 600 | S10: 600 | T10: 200 | U10: 600
A11: 37 | B11: =IFERROR(VLOOKUP($A11,Admission!$1:$998,4,0),"") -> SHAH JISAN | C11: =IFERROR(VLOOKUP($A11,Admission!$1:$998,5,0),"") -> RAFIK ALAM | D11: =IFERROR(VLOOKUP($A11,Admission!$1:$998,10,0),"") -> 9955943696 | E11: =IFERROR(VLOOKUP($A11,Admission!$1:$998,3,0),"") -> Day Scholar | F11: 600 | G11: 600 | H11: 600 | I11: 200 | J11: 600 | K11: 600 | L11: 600 | M11: 200 | N11: 600 | O11: 600 | P11: 600 | Q11: 200 | R11: 600 | S11: 600 | T11: 200 | U11: 600
A12: 40 | B12: =IFERROR(VLOOKUP($A12,Admission!$1:$998,4,0),"") -> NIMAT PARVEEN | C12: =IFERROR(VLOOKUP($A12,Admission!$1:$998,5,0),"") -> HAJIKUL ALAM | D12: =IFERROR(VLOOKUP($A12,Admission!$1:$998,10,0),"") -> 8084078810 | E12: =IFERROR(VLOOKUP($A12,Admission!$1:$998,3,0),"") -> Day Scholar | F12: 600 | G12: 600 | H12: 600 | I12: 200 | J12: 600 | K12: 600 | L12: 600 | M12: 200 | N12: 600 | O12: 600 | P12: 600 | Q12: 200 | R12: 600 | S12: 600 | T12: 200 | U12: 600
A13: 42 | B13: =IFERROR(VLOOKUP($A13,Admission!$1:$998,4,0),"") -> MAHDIYA SULTANA | C13: =IFERROR(VLOOKUP($A13,Admission!$1:$998,5,0),"") -> FAHIM AKHTAR | D13: =IFERROR(VLOOKUP($A13,Admission!$1:$998,10,0),"") -> 9932282091 | E13: =IFERROR(VLOOKUP($A13,Admission!$1:$998,3,0),"") -> Day Scholar | F13: 500 | G13: 600 | H13: 600 | I13: 200 | J13: 600 | K13: 600 | L13: 600 | M13: 200 | N13: 600 | O13: 600 | P13: 600 | Q13: 200 | R13: 600 | S13: 600 | T13: 200 | U13: 600
A14: 44 | B14: =IFERROR(VLOOKUP($A14,Admission!$1:$998,4,0),"") -> ISRAT KHATUN | C14: =IFERROR(VLOOKUP($A14,Admission!$1:$998,5,0),"") -> USMAN SHEKH | D14: =IFERROR(VLOOKUP($A14,Admission!$1:$998,10,0),"") -> 8292473552 | E14: =IFERROR(VLOOKUP($A14,Admission!$1:$998,3,0),"") -> Day Scholar | F14: 600 | G14: 600 | H14: 600 | I14: 200 | J14: 600 | K14: 600 | L14: 600 | M14: 200 | N14: 600 | O14: 600 | P14: 600 | Q14: 200 | R14: 600 | S14: 600 | T14: 200 | U14: 600
A15: 47 | B15: =IFERROR(VLOOKUP($A15,Admission!$1:$998,4,0),"") -> EHAN ISLAM | C15: =IFERROR(VLOOKUP($A15,Admission!$1:$998,5,0),"") -> ANIKUL ISLAM | D15: =IFERROR(VLOOKUP($A15,Admission!$1:$998,10,0),"") -> 9064803071 | E15: =IFERROR(VLOOKUP($A15,Admission!$1:$998,3,0),"") -> Day Scholar | F15: 600 | G15: 600 | H15: 600 | I15: 200 | J15: 600 | K15: 600 | L15: 600 | M15: 200 | N15: 600 | O15: 600 | P15: 600 | Q15: 200 | R15: 600 | S15: 600 | T15: 200 | U15: 600
A16: 48 | B16: =IFERROR(VLOOKUP($A16,Admission!$1:$998,4,0),"") -> SAHIDA PARWEEN | C16: =IFERROR(VLOOKUP($A16,Admission!$1:$998,5,0),"") -> JAMIRUL ISLAM | D16: =IFERROR(VLOOKUP($A16,Admission!$1:$998,10,0),"") -> 9661301181 | E16: =IFERROR(VLOOKUP($A16,Admission!$1:$998,3,0),"") -> Day Scholar | F16: 600 | G16: 600 | H16: 600 | J16: 600 | K16: 600 | L16: 600 | N16: 600 | O16: 600 | P16: 600 | R16: 600 | S16: 600 | U16: 600
A17: 53 | B17: =IFERROR(VLOOKUP($A17,Admission!$1:$998,4,0),"") -> ROSHHAK ANSARI | C17: =IFERROR(VLOOKUP($A17,Admission!$1:$998,5,0),"") -> ISRAIL ANSARI | D17: =IFERROR(VLOOKUP($A17,Admission!$1:$998,10,0),"") -> 9801331446 | E17: =IFERROR(VLOOKUP($A17,Admission!$1:$998,3,0),"") -> Hosteller | F17: 3700 | G17: 3700 | H17: 3700 | I17: 200 | J17: 3700 | K17: 3700 | L17: 3700 | M17: 200 | N17: 3700 | O17: 3700 | P17: 3700 | Q17: 200 | R17: 3700 | S17: 3700 | T17: 200 | U17: 3700
A18: 52 | B18: =IFERROR(VLOOKUP($A18,Admission!$1:$998,4,0),"") -> MIFTAHUL ISLAM | C18: =IFERROR(VLOOKUP($A18,Admission!$1:$998,5,0),"") -> MD ALAUDDIN | D18: =IFERROR(VLOOKUP($A18,Admission!$1:$998,10,0),"") -> 9955001819 | E18: =IFERROR(VLOOKUP($A18,Admission!$1:$998,3,0),"") -> Hosteller | F18: 3700 | G18: 3700 | H18: 3700 | I18: 200 | J18: 3700 | K18: 3700 | L18: 3700 | M18: 200 | N18: 3700 | O18: 3700 | P18: 3700 | R18: 3700 | S18: 3700 | U18: 3700
A19: 70 | B19: =IFERROR(VLOOKUP($A19,Admission!$1:$998,4,0),"") -> MD ADIL AZHAR | C19: =IFERROR(VLOOKUP($A19,Admission!$1:$998,5,0),"") -> MD ZIAUL HAQUE | D19: =IFERROR(VLOOKUP($A19,Admission!$1:$998,10,0),"") -> 8809983740 | E19: =IFERROR(VLOOKUP($A19,Admission!$1:$998,3,0),"") -> Hosteller | F19: 3700 | G19: 3700 | H19: 3700 | I19: 200 | J19: 3700 | K19: 3700 | L19: 3700 | M19: 200 | N19: 3700 | O19: 3700 | P19: 3700 | Q19: 200 | R19: 3700 | S19: 3700 | T19: 200 | U19: 3700
A20: 73 | B20: =IFERROR(VLOOKUP($A20,Admission!$1:$998,4,0),"") -> MD JAYED AKHTAT | C20: =IFERROR(VLOOKUP($A20,Admission!$1:$998,5,0),"") -> FEKARUL SHEKH | D20: =IFERROR(VLOOKUP($A20,Admission!$1:$998,10,0),"") -> 9534235548 | E20: =IFERROR(VLOOKUP($A20,Admission!$1:$998,3,0),"") -> Hosteller | F20: 3700 | G20: 3700 | H20: 3700 | I20: 200 | J20: 3700 | K20: 3700 | L20: 3700 | N20: 3700 | O20: 3700 | P20: 3700 | R20: 3700 | S20: 3700 | U20: 3700
A21: 75 | B21: =IFERROR(VLOOKUP($A21,Admission!$1:$998,4,0),"") -> MOHAMMAD FARHAN ANSARI | C21: =IFERROR(VLOOKUP($A21,Admission!$1:$998,5,0),"") -> MOHAMMAD JIYAUL ANSARI | D21: =IFERROR(VLOOKUP($A21,Admission!$1:$998,10,0),"") -> 8809023587 | E21: =IFERROR(VLOOKUP($A21,Admission!$1:$998,3,0),"") -> Hosteller | F21: 3700 | G21: 3700 | H21: 3700 | I21: 150 | J21: 3700 | K21: 3700 | L21: 3700 | M21: 200 | N21: 3700 | O21: 3700 | P21: 3700 | Q21: 200 | R21: 3700 | S21: 3700 | U21: 3700
A22: 81 | B22: =IFERROR(VLOOKUP($A22,Admission!$1:$998,4,0),"") -> MD MODDASSHIR | C22: =IFERROR(VLOOKUP($A22,Admission!$1:$998,5,0),"") -> MD MOJAMMEL HAQUE | D22: =IFERROR(VLOOKUP($A22,Admission!$1:$998,10,0),"") -> 8051005138 | E22: =IFERROR(VLOOKUP($A22,Admission!$1:$998,3,0),"") -> Hosteller | F22: 3700 | G22: 3700 | H22: 3700 | J22: 3700 | K22: 3700 | L22: 3700 | N22: left | O22: left | P22: left | R22: left | S22: left | T22: left | U22: left
A23: 85 | B23: =IFERROR(VLOOKUP($A23,Admission!$1:$998,4,0),"") -> MD ANAS | C23: =IFERROR(VLOOKUP($A23,Admission!$1:$998,5,0),"") -> MOTIUR RAHMAN | D23: =IFERROR(VLOOKUP($A23,Admission!$1:$998,10,0),"") -> 9801054651 | E23: =IFERROR(VLOOKUP($A23,Admission!$1:$998,3,0),"") -> Hosteller | F23: 0 | G23: 0 | H23: 3700 | I23: 150 | J23: 3700 | K23: 3700 | L23: 3700 | M23: 200 | N23: 3700 | O23: 3700 | P23: 3700 | R23: 3700 | S23: 3700 | T23: 200 | U23: 3700
A24: 91 | B24: =IFERROR(VLOOKUP($A24,Admission!$1:$998,4,0),"") -> SABA KARIM | C24: =IFERROR(VLOOKUP($A24,Admission!$1:$998,5,0),"") -> MD ASHTAK | D24: =IFERROR(VLOOKUP($A24,Admission!$1:$998,10,0),"") -> 9162959792 | E24: =IFERROR(VLOOKUP($A24,Admission!$1:$998,3,0),"") -> Day Scholar | F24: left | G24: left | H24: ieft | I24: left | J24: left | K24: left | L24: left | N24: left | O24: left | P24: left | Q24: left | R24: left | S24: left | T24: left | U24: left
A25: 101 | B25: =IFERROR(VLOOKUP($A25,Admission!$1:$998,4,0),"") -> MD JUBAYER | C25: =IFERROR(VLOOKUP($A25,Admission!$1:$998,5,0),"") -> S.K MOSTAKIM | D25: =IFERROR(VLOOKUP($A25,Admission!$1:$998,10,0),"") -> 7407845971 | E25: =IFERROR(VLOOKUP($A25,Admission!$1:$998,3,0),"") -> Day Scholar | F25: 0 | G25: 600 | H25: 600 | I25: 200 | J25: 600 | K25: 600 | L25: 600 | M25: 200 | N25: 600 | O25: 600 | P25: 600 | Q25: 200 | R25: 600 | S25: 600 | T25: 200 | U25: 600
A26: 110 | B26: =IFERROR(VLOOKUP($A26,Admission!$1:$998,4,0),"") -> SAAD GANI | C26: =IFERROR(VLOOKUP($A26,Admission!$1:$998,5,0),"") -> ABDUL GANI | D26: =IFERROR(VLOOKUP($A26,Admission!$1:$998,10,0),"") -> 8521469562 | E26: =IFERROR(VLOOKUP($A26,Admission!$1:$998,3,0),"") -> Day Scholar | F26: 600 | G26: 600 | H26: 600 | I26: 200 | J26: 600 | K26: 600 | L26: 600 | M26: 200 | N26: 600 | O26: 600 | P26: 600 | R26: 600 | S26: 600 | T26: 200 | U26: 600
A27: 115 | B27: =IFERROR(VLOOKUP($A27,Admission!$1:$998,4,0),"") -> MD DILNAWAZ ANSARI | C27: =IFERROR(VLOOKUP($A27,Admission!$1:$998,5,0),"") -> MD DILDAR ANSARI | D27: =IFERROR(VLOOKUP($A27,Admission!$1:$998,10,0),"") -> 6200725672 | E27: =IFERROR(VLOOKUP($A27,Admission!$1:$998,3,0),"") -> Hosteller | F27: 3700 | G27: 3700 | H27: 3700 | J27: 3700 | K27: 3700 | L27: 3700 | N27: 3700 | O27: 3700 | P27: 3700 | R27: 3700 | S27: 3700 | U27: 3700
A28: 116 | B28: =IFERROR(VLOOKUP($A28,Admission!$1:$998,4,0),"") -> MD NASHIR ANSARI | C28: =IFERROR(VLOOKUP($A28,Admission!$1:$998,5,0),"") -> MD DILDAR ANSARI | D28: =IFERROR(VLOOKUP($A28,Admission!$1:$998,10,0),"") -> 6200725672 | E28: =IFERROR(VLOOKUP($A28,Admission!$1:$998,3,0),"") -> Hosteller | F28: 3700 | G28: 3700 | H28: 3700 | J28: 3700 | K28: 3700 | L28: 3700 | N28: 3700 | O28: 3700 | P28: 3700 | R28: 3700 | S28: 3700 | U28: 3700
A29: 128 | B29: =IFERROR(VLOOKUP($A29,Admission!$1:$998,4,0),"") -> AMRIN NISHA | C29: =IFERROR(VLOOKUP($A29,Admission!$1:$998,5,0),"") -> FIROJ ALAM | D29: =IFERROR(VLOOKUP($A29,Admission!$1:$998,10,0),"") -> 0 | E29: =IFERROR(VLOOKUP($A29,Admission!$1:$998,3,0),"") -> Hosteller | F29: FREE | G29: FREE | H29: FREE | I29: free | J29: free | K29: free | L29: free | M29: free | N29: free | O29: free | P29: free | Q29: free | R29: free | S29: free | T29: free | U29: free
A30: 142 | B30: =IFERROR(VLOOKUP($A30,Admission!$1:$998,4,0),"") -> MD ALTAMAS FAIQ | C30: =IFERROR(VLOOKUP($A30,Admission!$1:$998,5,0),"") -> MD UMED ALI ANSARI | D30: =IFERROR(VLOOKUP($A30,Admission!$1:$998,10,0),"") -> 9643292878 | E30: =IFERROR(VLOOKUP($A30,Admission!$1:$998,3,0),"") -> Hosteller | F30: 0 | G30: 3700 | H30: 3700 | I30: 200 | J30: 3700 | K30: 3700 | L30: 3700 | M30: 200 | N30: 3700 | O30: 3700 | P30: 3700 | Q30: 200 | R30: 3700 | S30: 3700 | T30: 200 | U30: 3700
A31: 146 | B31: =IFERROR(VLOOKUP($A31,Admission!$1:$998,4,0),"") -> SAYEEDA SULTANA | C31: =IFERROR(VLOOKUP($A31,Admission!$1:$998,5,0),"") -> MD FARHAD HUSSAIN | D31: =IFERROR(VLOOKUP($A31,Admission!$1:$998,10,0),"") -> 7739445488 | E31: =IFERROR(VLOOKUP($A31,Admission!$1:$998,3,0),"") -> Day Scholar | F31: 600 | G31: 600 | H31: 600 | I31: 200 | J31: 600 | K31: 600 | L31: 600 | M31: 200 | N31: 600 | O31: 600 | P31: 600 | Q31: 200 | R31: 200 | S31: 600 | T31: 200 | U31: 600
A32: 173 | B32: =IFERROR(VLOOKUP($A32,Admission!$1:$998,4,0),"") -> SHAIKH AFRIDI | C32: =IFERROR(VLOOKUP($A32,Admission!$1:$998,5,0),"") -> SEKSADI SHAIKH | D32: =IFERROR(VLOOKUP($A32,Admission!$1:$998,10,0),"") -> 8789923616 | E32: =IFERROR(VLOOKUP($A32,Admission!$1:$998,3,0),"") -> Hosteller | F32: 0 | G32: 0 | H32: 3700 | J32: 3700 | K32: 3700 | L32: 3700 | N32: 3700 | O32: 3700 | P32: left | Q32: left | R32: left | S32: left | T32: left | U32: left
A33: 79 | B33: =IFERROR(VLOOKUP($A33,Admission!$1:$998,4,0),"") -> MD MUSTAKIM | C33: =IFERROR(VLOOKUP($A33,Admission!$1:$998,5,0),"") -> MD AKHTAR ALAM | D33: =IFERROR(VLOOKUP($A33,Admission!$1:$998,10,0),"") -> 9931742146 | E33: =IFERROR(VLOOKUP($A33,Admission!$1:$998,3,0),"") -> Hosteller | F33: 3700 | G33: 3700 | H33: 3700 | I33: 200 | J33: 3700 | K33: 3700 | L33: 3700 | M33: 200 | N33: 3700 | O33: 3700 | P33: 3700 | Q33: 200 | R33: 3700 | S33: 3700 | T33: 200 | U33: 3700
A34: 80 | B34: =IFERROR(VLOOKUP($A34,Admission!$1:$998,4,0),"") -> MD SAHID | C34: =IFERROR(VLOOKUP($A34,Admission!$1:$998,5,0),"") -> MD AZAD ALI | D34: =IFERROR(VLOOKUP($A34,Admission!$1:$998,10,0),"") -> 6299311049 | E34: =IFERROR(VLOOKUP($A34,Admission!$1:$998,3,0),"") -> Hosteller | F34: 3700 | G34: 3700 | H34: 3700 | I34: 200 | J34: 3700 | K34: 3700 | L34: 3700 | M34: 200 | N34: 3700 | O34: 3700 | P34: 3700 | Q34: 200 | R34: 3700 | S34: 3700 | T34: 200 | U34: 3700
B35: =IFERROR(VLOOKUP($A35,Admission!$1:$998,4,0),"") | C35: =IFERROR(VLOOKUP($A35,Admission!$1:$998,5,0),"") | D35: =IFERROR(VLOOKUP($A35,Admission!$1:$998,10,0),"") | E35: =IFERROR(VLOOKUP($A35,Admission!$1:$998,3,0),"")
B36: =IFERROR(VLOOKUP($A36,Admission!$1:$998,4,0),"") | C36: =IFERROR(VLOOKUP($A36,Admission!$1:$998,5,0),"") | D36: =IFERROR(VLOOKUP($A36,Admission!$1:$998,10,0),"") | E36: =IFERROR(VLOOKUP($A36,Admission!$1:$998,3,0),"")
B37: =IFERROR(VLOOKUP($A37,Admission!$1:$998,4,0),"") | C37: =IFERROR(VLOOKUP($A37,Admission!$1:$998,5,0),"") | D37: =IFERROR(VLOOKUP($A37,Admission!$1:$998,10,0),"") | E37: =IFERROR(VLOOKUP($A37,Admission!$1:$998,3,0),"")
B38: =IFERROR(VLOOKUP($A38,Admission!$1:$998,4,0),"") | C38: =IFERROR(VLOOKUP($A38,Admission!$1:$998,5,0),"") | D38: =IFERROR(VLOOKUP($A38,Admission!$1:$998,10,0),"") | E38: =IFERROR(VLOOKUP($A38,Admission!$1:$998,3,0),"")
B39: =IFERROR(VLOOKUP($A39,Admission!$1:$998,4,0),"") | C39: =IFERROR(VLOOKUP($A39,Admission!$1:$998,5,0),"") | D39: =IFERROR(VLOOKUP($A39,Admission!$1:$998,10,0),"") | E39: =IFERROR(VLOOKUP($A39,Admission!$1:$998,3,0),"")
B40: =IFERROR(VLOOKUP($A40,Admission!$1:$998,4,0),"") | C40: =IFERROR(VLOOKUP($A40,Admission!$1:$998,5,0),"") | D40: =IFERROR(VLOOKUP($A40,Admission!$1:$998,10,0),"") | E40: =IFERROR(VLOOKUP($A40,Admission!$1:$998,3,0),"")
B41: =IFERROR(VLOOKUP($A41,Admission!$1:$998,4,0),"") | C41: =IFERROR(VLOOKUP($A41,Admission!$1:$998,5,0),"") | D41: =IFERROR(VLOOKUP($A41,Admission!$1:$998,10,0),"") | E41: =IFERROR(VLOOKUP($A41,Admission!$1:$998,3,0),"")
B42: =IFERROR(VLOOKUP($A42,Admission!$1:$998,4,0),"") | C42: =IFERROR(VLOOKUP($A42,Admission!$1:$998,5,0),"") | D42: =IFERROR(VLOOKUP($A42,Admission!$1:$998,10,0),"") | E42: =IFERROR(VLOOKUP($A42,Admission!$1:$998,3,0),"")
B43: =IFERROR(VLOOKUP($A43,Admission!$1:$998,4,0),"") | C43: =IFERROR(VLOOKUP($A43,Admission!$1:$998,5,0),"") | D43: =IFERROR(VLOOKUP($A43,Admission!$1:$998,10,0),"") | E43: =IFERROR(VLOOKUP($A43,Admission!$1:$998,3,0),"")
B44: =IFERROR(VLOOKUP($A44,Admission!$1:$998,4,0),"") | C44: =IFERROR(VLOOKUP($A44,Admission!$1:$998,5,0),"") | D44: =IFERROR(VLOOKUP($A44,Admission!$1:$998,10,0),"") | E44: =IFERROR(VLOOKUP($A44,Admission!$1:$998,3,0),"")
B45: =IFERROR(VLOOKUP($A45,Admission!$1:$998,4,0),"") | C45: =IFERROR(VLOOKUP($A45,Admission!$1:$998,5,0),"") | D45: =IFERROR(VLOOKUP($A45,Admission!$1:$998,10,0),"") | E45: =IFERROR(VLOOKUP($A45,Admission!$1:$998,3,0),"")
B46: =IFERROR(VLOOKUP($A46,Admission!$1:$998,4,0),"") | C46: =IFERROR(VLOOKUP($A46,Admission!$1:$998,5,0),"") | D46: =IFERROR(VLOOKUP($A46,Admission!$1:$998,10,0),"") | E46: =IFERROR(VLOOKUP($A46,Admission!$1:$998,3,0),"")
... B49: =IFERROR(VLOOKUP($A49,Admission!$1:$998,4,0),"") | C49: =IFERROR(VLOOKUP($A49,Admission!$1:$998,5,0),"") | D49: =IFERROR(VLOOKUP($A49,Admission!$1:$998,10,0),"") | E49: =IFERROR(VLOOKUP($A49,Admission!$1:$998,3,0),"")
B50: =IFERROR(VLOOKUP($A50,Admission!$1:$998,4,0),"") | C50: =IFERROR(VLOOKUP($A50,Admission!$1:$998,5,0),"") | E50: =IFERROR(VLOOKUP($A50,Admission!$1:$998,3,0),"")
B51: =IFERROR(VLOOKUP($A51,Admission!$1:$998,4,0),"") | C51: =IFERROR(VLOOKUP($A51,Admission!$1:$998,5,0),"") | E51: =IFERROR(VLOOKUP($A51,Admission!$1:$998,3,0),"")
B52: =IFERROR(VLOOKUP($A52,Admission!$1:$998,4,0),"") | C52: =IFERROR(VLOOKUP($A52,Admission!$1:$998,5,0),"") | E52: =IFERROR(VLOOKUP($A52,Admission!$1:$998,3,0),"")
B53: =IFERROR(VLOOKUP($A53,Admission!$1:$998,4,0),"") | C53: =IFERROR(VLOOKUP($A53,Admission!$1:$998,5,0),"") | E53: =IFERROR(VLOOKUP($A53,Admission!$1:$998,3,0),"")
B54: =IFERROR(VLOOKUP($A54,Admission!$1:$998,4,0),"") | C54: =IFERROR(VLOOKUP($A54,Admission!$1:$998,5,0),"") | E54: =IFERROR(VLOOKUP($A54,Admission!$1:$998,3,0),"")
B55: =IFERROR(VLOOKUP($A55,Admission!$1:$998,4,0),"") | C55: =IFERROR(VLOOKUP($A55,Admission!$1:$998,5,0),"") | E55: =IFERROR(VLOOKUP($A55,Admission!$1:$998,3,0),"")
B56: =IFERROR(VLOOKUP($A56,Admission!$1:$998,4,0),"") | C56: =IFERROR(VLOOKUP($A56,Admission!$1:$998,5,0),"") | E56: =IFERROR(VLOOKUP($A56,Admission!$1:$998,3,0),"")
B57: =IFERROR(VLOOKUP($A57,Admission!$1:$998,4,0),"") | C57: =IFERROR(VLOOKUP($A57,Admission!$1:$998,5,0),"") | E57: =IFERROR(VLOOKUP($A57,Admission!$1:$998,3,0),"")
B58: =IFERROR(VLOOKUP($A58,Admission!$1:$998,4,0),"") | C58: =IFERROR(VLOOKUP($A58,Admission!$1:$998,5,0),"") | E58: =IFERROR(VLOOKUP($A58,Admission!$1:$998,3,0),"")
B59: =IFERROR(VLOOKUP($A59,Admission!$1:$998,4,0),"") | C59: =IFERROR(VLOOKUP($A59,Admission!$1:$998,5,0),"") | E59: =IFERROR(VLOOKUP($A59,Admission!$1:$998,3,0),"")
B60: =IFERROR(VLOOKUP($A60,Admission!$1:$998,4,0),"") | C60: =IFERROR(VLOOKUP($A60,Admission!$1:$998,5,0),"") | E60: =IFERROR(VLOOKUP($A60,Admission!$1:$998,3,0),"")
B61: =IFERROR(VLOOKUP($A61,Admission!$1:$998,4,0),"") | C61: =IFERROR(VLOOKUP($A61,Admission!$1:$998,5,0),"") | E61: =IFERROR(VLOOKUP($A61,Admission!$1:$998,3,0),"")
... B149: =IFERROR(VLOOKUP($A149,Admission!$1:$998,4,0),"") | C149: =IFERROR(VLOOKUP($A149,Admission!$1:$998,5,0),"") | E149: =IFERROR(VLOOKUP($A149,Admission!$1:$998,3,0),"")
E150: =IFERROR(VLOOKUP($A150,Admission!150:1145,3,0),"")
E151: =IFERROR(VLOOKUP($A151,Admission!151:1146,3,0),"")
E152: =IFERROR(VLOOKUP($A152,Admission!152:1147,3,0),"")
E153: =IFERROR(VLOOKUP($A153,Admission!153:1148,3,0),"")
E154: =IFERROR(VLOOKUP($A154,Admission!154:1149,3,0),"")
E155: =IFERROR(VLOOKUP($A155,Admission!155:1150,3,0),"")
E156: =IFERROR(VLOOKUP($A156,Admission!156:1151,3,0),"")
E157: =IFERROR(VLOOKUP($A157,Admission!157:1152,3,0),"")
E158: =IFERROR(VLOOKUP($A158,Admission!158:1153,3,0),"")
E159: =IFERROR(VLOOKUP($A159,Admission!159:1154,3,0),"")
E160: =IFERROR(VLOOKUP($A160,Admission!160:1155,3,0),"")
E161: =IFERROR(VLOOKUP($A161,Admission!161:1156,3,0),"")
E162: =IFERROR(VLOOKUP($A162,Admission!162:1157,3,0),"")
E163: =IFERROR(VLOOKUP($A163,Admission!163:1158,3,0),"")
E164: =IFERROR(VLOOKUP($A164,Admission!164:1159,3,0),"")
E165: =IFERROR(VLOOKUP($A165,Admission!165:1160,3,0),"")
E166: =IFERROR(VLOOKUP($A166,Admission!166:1161,3,0),"")
E167: =IFERROR(VLOOKUP($A167,Admission!167:1162,3,0),"")
E168: =IFERROR(VLOOKUP($A168,Admission!168:1163,3,0),"")
E169: =IFERROR(VLOOKUP($A169,Admission!169:1164,3,0),"")
E170: =IFERROR(VLOOKUP($A170,Admission!170:1165,3,0),"")
E171: =IFERROR(VLOOKUP($A171,Admission!171:1166,3,0),"")
E172: =IFERROR(VLOOKUP($A172,Admission!172:1167,3,0),"")
E173: =IFERROR(VLOOKUP($A173,Admission!173:1168,3,0),"")
E174: =IFERROR(VLOOKUP($A174,Admission!174:1169,3,0),"")
E175: =IFERROR(VLOOKUP($A175,Admission!175:1170,3,0),"")
E176: =IFERROR(VLOOKUP($A176,Admission!176:1171,3,0),"")
E177: =IFERROR(VLOOKUP($A177,Admission!177:1172,3,0),"")
E178: =IFERROR(VLOOKUP($A178,Admission!178:1173,3,0),"")
E179: =IFERROR(VLOOKUP($A179,Admission!178:1174,3,0),"")
E180: =IFERROR(VLOOKUP($A180,Admission!178:1175,3,0),"")
E181: =IFERROR(VLOOKUP($A181,Admission!178:1176,3,0),"")
E182: =IFERROR(VLOOKUP($A182,Admission!178:1177,3,0),"")
E183: =IFERROR(VLOOKUP($A183,Admission!179:1178,3,0),"")
E184: =IFERROR(VLOOKUP($A184,Admission!180:1179,3,0),"")
E185: =IFERROR(VLOOKUP($A185,Admission!181:1180,3,0),"")
E186: =IFERROR(VLOOKUP($A186,Admission!182:1181,3,0),"")
E187: =IFERROR(VLOOKUP($A187,Admission!183:1182,3,0),"")
E188: =IFERROR(VLOOKUP($A188,Admission!184:1183,3,0),"")
E189: =IFERROR(VLOOKUP($A189,Admission!181:1184,3,0),"")
...

Sheet II
A1: s | B1: Hosteller | C1: Day Scholar | E1: Overall Collection | F1: Monthly total fees collection
A2: =COUNT(A4:A366) -> 21 | B2: =COUNTIF($E$4:$E$192,B1) -> 12 | C2: =COUNTIF($E$4:$E$192,C1) -> 9 | E2: =SUM(F2:U2) -> 613600 | F2: =SUM(F$4:F$1002) -> 43200 | G2: =SUM(G$4:G$1002) -> 51200 | H2: =SUM(H$4:H$1002) -> 55200 | I2: =SUM(I4:I24) -> 3600 | J2: =SUM(J$4:J$1002) -> 55200 | K2: =SUM(K$4:K$1002) -> 55200 | L2: =SUM(L$4:L$1002) -> 55200 | M2: =SUM(M$4:M$1002) -> 3200 | N2: =SUM(N$4:N$1002) -> 54400 | O2: =SUM(O$4:O$1002) -> 54400 | P2: =SUM(P$4:P$1002) -> 50400 | Q2: =SUM(Q$4:Q$1002) -> 2000 | ... U2: =SUM(U$4:U$1002) -> 42400
A3: Ledger_No. | B3: Student_Name | C3: Father's name | D3: Phone No : | E3: Admission_Type | F3: Apr | G3: May | H3: Jun | I3: Exam | J3: Jul | K3: Aug | L3: Sep | M3: Exam Fee | N3: Oct | O3: Nov | P3: Dec | Q3: Exam Fee | R3: Jan | S3: Feb | T3: Exam Fee | U3: Mar
A4: 29 | B4: =IFERROR(VLOOKUP($A4,Admission!$1:$998,4,0),"") -> ASFAK ALAM | C4: =IFERROR(VLOOKUP($A4,Admission!$1:$998,5,0),"") -> SARIFUL HOQUE | D4: =IFERROR(VLOOKUP($A4,Admission!$1:$998,10,0),"") -> 8825174593 | E4: =IFERROR(VLOOKUP($A4,Admission!$1:$998,3,0),"") -> Hosteller | F4: 4000 | G4: 4000 | H4: 4000 | J4: 4000 | K4: 4000 | L4: 4000 | N4: 4000 | O4: 4000 | P4: 4000 | R4: 4000 | S4: 4000 | U4: 4000
A5: 31 | B5: =IFERROR(VLOOKUP($A5,Admission!$1:$998,4,0),"") -> MALIK ASARI | C5: =IFERROR(VLOOKUP($A5,Admission!$1:$998,5,0),"") -> MD.AMIR HAMJA | D5: =IFERROR(VLOOKUP($A5,Admission!$1:$998,10,0),"") -> 9771026583 | E5: =IFERROR(VLOOKUP($A5,Admission!$1:$998,3,0),"") -> Hosteller | F5: 4000 | G5: 4000 | H5: 4000 | I5: 200 | J5: 4000 | K5: 4000 | L5: 4000 | M5: 200 | N5: 4000 | O5: 4000 | P5: 4000 | Q5: 200 | R5: 4000 | S5: 4000 | T5: 200 | U5: 4000
A6: 50 | B6: =IFERROR(VLOOKUP($A6,Admission!$1:$998,4,0),"") -> MD ASLAM | C6: =IFERROR(VLOOKUP($A6,Admission!$1:$998,5,0),"") -> MD BASHARAT | D6: =IFERROR(VLOOKUP($A6,Admission!$1:$998,10,0),"") -> 8521887277 | E6: =IFERROR(VLOOKUP($A6,Admission!$1:$998,3,0),"") -> Hosteller | F6: 4000 | G6: 4000 | H6: 4000 | J6: 4000 | K6: 4000 | L6: 4000 | N6: 4000 | O6: 4000 | P6: 4000 | R6: 4000 | S6: 4000 | U6: 4000
A7: 54 | B7: =IFERROR(VLOOKUP($A7,Admission!$1:$998,4,0),"") -> MD JAMALUDDIN ANSARI | C7: =IFERROR(VLOOKUP($A7,Admission!$1:$998,5,0),"") -> MD ISRAIL ANSARI | D7: =IFERROR(VLOOKUP($A7,Admission!$1:$998,10,0),"") -> 9801331446 | E7: =IFERROR(VLOOKUP($A7,Admission!$1:$998,3,0),"") -> Hosteller | F7: 4000 | G7: 4000 | H7: 4000 | I7: 200 | J7: 4000 | K7: 4000 | L7: 4000 | M7: 200 | N7: 4000 | O7: 4000 | P7: 4000 | Q7: 200 | R7: 4000 | S7: 4000 | T7: 200 | U7: 4000
A8: 55 | B8: =IFERROR(VLOOKUP($A8,Admission!$1:$998,4,0),"") -> MD KAMALUDDIN ANSARI | C8: =IFERROR(VLOOKUP($A8,Admission!$1:$998,5,0),"") -> MD ISRAIL ANSARI | D8: =IFERROR(VLOOKUP($A8,Admission!$1:$998,10,0),"") -> 9801331446 | E8: =IFERROR(VLOOKUP($A8,Admission!$1:$998,3,0),"") -> Hosteller | F8: 4000 | G8: 4000 | H8: 4000 | I8: 200 | J8: 4000 | K8: 4000 | L8: 4000 | M8: 200 | N8: 4000 | O8: 4000 | P8: 4000 | Q8: 200 | R8: 4000 | S8: 4000 | T8: 200 | U8: 4000
A9: 57 | B9: =IFERROR(VLOOKUP($A9,Admission!$1:$998,4,0),"") -> FARIK ALAM | C9: =IFERROR(VLOOKUP($A9,Admission!$1:$998,5,0),"") -> SEKH SAIYAD ALI | D9: =IFERROR(VLOOKUP($A9,Admission!$1:$998,10,0),"") -> 0 | E9: =IFERROR(VLOOKUP($A9,Admission!$1:$998,3,0),"") -> Day Scholar | F9: 800 | G9: 800 | H9: 800 | I9: 200 | J9: 800 | K9: 800 | L9: 800 | M9: 200 | N9: 800 | O9: 800 | P9: 800 | R9: 800 | S9: 800 | U9: 800
A11: 138 | B11: =IFERROR(VLOOKUP($A11,Admission!$1:$998,4,0),"") -> MIRAJ ANSARI | C11: =IFERROR(VLOOKUP($A11,Admission!$1:$998,5,0),"") -> IMAM ANSARI | D11: =IFERROR(VLOOKUP($A11,Admission!$1:$998,10,0),"") -> 7909045138 | E11: =IFERROR(VLOOKUP($A11,Admission!$1:$998,3,0),"") -> Hosteller | F11: 0 | G11: 4000 | H11: 4000 | I11: 200 | J11: 4000 | K11: 4000 | L11: 4000 | M11: 200 | N11: 4000 | O11: 4000 | P11: 4000 | Q11: 200 | R11: 4000 | S11: 4000 | U11: 4000
A12: 61 | B12: =IFERROR(VLOOKUP($A12,Admission!$1:$998,4,0),"") -> SARTAJ AJIJ | C12: =IFERROR(VLOOKUP($A12,Admission!$1:$998,5,0),"") -> MD IMDAD | D12: =IFERROR(VLOOKUP($A12,Admission!$1:$998,10,0),"") -> 7367091296 | E12: =IFERROR(VLOOKUP($A12,Admission!$1:$998,3,0),"") -> Day Scholar | F12: 800 | G12: 800 | H12: 800 | I12: 200 | J12: 800 | K12: 800 | L12: 800 | M12: 200 | N12: left | O12: left | P12: left | Q12: left | R12: left | S12: left | T12: left
A13: 62 | B13: =IFERROR(VLOOKUP($A13,Admission!$1:$998,4,0),"") -> IMRAUL HASAN | C13: =IFERROR(VLOOKUP($A13,Admission!$1:$998,5,0),"") -> MD RELIM SEKH | D13: =IFERROR(VLOOKUP($A13,Admission!$1:$998,10,0),"") -> 7070636161 | E13: =IFERROR(VLOOKUP($A13,Admission!$1:$998,3,0),"") -> Day Scholar | F13: 800 | G13: 800 | H13: 800 | I13: 200 | J13: 800 | K13: 800 | L13: 800 | M13: 200 | N13: 800 | O13: 800 | P13: 800
A14: 63 | B14: =IFERROR(VLOOKUP($A14,Admission!$1:$998,4,0),"") -> FAHIM AHMAD | C14: =IFERROR(VLOOKUP($A14,Admission!$1:$998,5,0),"") -> FEKARUL ISLAM | D14: =IFERROR(VLOOKUP($A14,Admission!$1:$998,10,0),"") -> 7903684660 | E14: =IFERROR(VLOOKUP($A14,Admission!$1:$998,3,0),"") -> Hosteller | F14: 4000 | G14: 4000 | H14: 4000 | I14: 200 | J14: 4000 | K14: 4000 | L14: 4000 | M14: 200 | N14: 4000 | O14: 4000 | P14: 4000 | Q14: 200 | R14: 4000 | S14: 4000 | T14: 200 | U14: 4000
A15: 64 | B15: =IFERROR(VLOOKUP($A15,Admission!$1:$998,4,0),"") -> ABDUR RAKIB | C15: =IFERROR(VLOOKUP($A15,Admission!$1:$998,5,0),"") -> ZAMIL AKHTAR | D15: =IFERROR(VLOOKUP($A15,Admission!$1:$998,10,0),"") -> 7903684660 | E15: =IFERROR(VLOOKUP($A15,Admission!$1:$998,3,0),"") -> Hosteller | F15: 4000 | G15: 4000 | H15: 4000 | I15: 200 | J15: 4000 | K15: 4000 | L15: 4000 | M15: 200 | N15: 4000 | O15: 4000 | P15: 4000 | Q15: 200 | R15: 4000 | S15: 4000 | T15: 200 | U15: 4000
A16: 67 | B16: =IFERROR(VLOOKUP($A16,Admission!$1:$998,4,0),"") -> SATTAR ANSARI | C16: =IFERROR(VLOOKUP($A16,Admission!$1:$998,5,0),"") -> ABDUL BARIK ANSARI | D16: =IFERROR(VLOOKUP($A16,Admission!$1:$998,10,0),"") -> 9867568256 | E16: =IFERROR(VLOOKUP($A16,Admission!$1:$998,3,0),"") -> Hosteller | F16: 4000 | G16: 4000 | H16: 4000 | I16: 200 | J16: 4000 | K16: 4000 | L16: 4000 | M16: 200 | N16: 4000 | O16: 4000 | P16: 4000 | Q16: 200 | R16: 4000 | S16: 4000 | T16: 200 | U16: 4000
A17: 163 | B17: =IFERROR(VLOOKUP($A17,Admission!$1:$998,4,0),"") -> BADRI ALAM | C17: =IFERROR(VLOOKUP($A17,Admission!$1:$998,5,0),"") -> AKBAR SHEKH | D17: =IFERROR(VLOOKUP($A17,Admission!$1:$998,10,0),"") -> 9110953710 | E17: =IFERROR(VLOOKUP($A17,Admission!$1:$998,3,0),"") -> Hosteller | F17: 0 | G17: 0 | H17: 4000 | I17: 200 | J17: 4000 | K17: 4000 | L17: 4000 | M17: 200 | N17: 4000 | O17: 4000 | P17: 4000 | Q17: 200 | R17: 4000 | S17: 4000 | T17: 200 | U17: 4000
A18: 109 | B18: =IFERROR(VLOOKUP($A18,Admission!$1:$998,4,0),"") -> SHAHBAJ ANSARI | C18: =IFERROR(VLOOKUP($A18,Admission!$1:$998,5,0),"") -> TABARAK ANSARI | D18: =IFERROR(VLOOKUP($A18,Admission!$1:$998,10,0),"") -> 8340636663 | E18: =IFERROR(VLOOKUP($A18,Admission!$1:$998,3,0),"") -> Hosteller | F18: 4000 | G18: 4000 | H18: 4000 | I18: 200 | J18: 4000 | K18: 4000 | L18: 4000 | M18: 200 | N18: 4000 | O18: 4000
A19: 141 | B19: =IFERROR(VLOOKUP($A19,Admission!$1:$998,4,0),"") -> MUNTASIR HAQUE | C19: =IFERROR(VLOOKUP($A19,Admission!$1:$998,5,0),"") -> MANJARUL HAQUE | D19: =IFERROR(VLOOKUP($A19,Admission!$1:$998,10,0),"") -> 9006566483 | E19: =IFERROR(VLOOKUP($A19,Admission!$1:$998,3,0),"") -> Day Scholar | F19: 800 | G19: 800 | H19: 800 | I19: 200 | J19: 800 | K19: 800 | L19: 800 | M19: 200 | N19: 800 | O19: 800 | P19: 800
A20: 27 | B20: =IFERROR(VLOOKUP($A20,Admission!$1:$998,4,0),"") -> RUKSAR TABASSUM | C20: =IFERROR(VLOOKUP($A20,Admission!$1:$998,5,0),"") -> BADRUL ISLAM | D20: =IFERROR(VLOOKUP($A20,Admission!$1:$998,10,0),"") -> 8340584833 | E20: =IFERROR(VLOOKUP($A20,Admission!$1:$998,3,0),"") -> Day Scholar | F20: 800 | G20: 800 | H20: 800 | I20: 200 | J20: 800 | K20: 800 | L20: 800 | M20: 200 | N20: 800 | O20: 800 | P20: 800 | Q20: 200
A21: 168 | B21: =IFERROR(VLOOKUP($A21,Admission!$1:$998,4,0),"") -> NAFISH ALAM | C21: =IFERROR(VLOOKUP($A21,Admission!$1:$998,5,0),"") -> MD SELIM | D21: =IFERROR(VLOOKUP($A21,Admission!$1:$998,10,0),"") -> 8789734647 | E21: =IFERROR(VLOOKUP($A21,Admission!$1:$998,3,0),"") -> Day Scholar | F21: 800 | G21: 800 | H21: 800 | I21: 200 | J21: 800 | K21: 800 | L21: 800 | M21: 200 | N21: 800 | O21: 800 | P21: 800 | Q21: 200 | R21: 800 | S21: 800 | T21: 200 | U21: 800
A22: 86 | B22: =IFERROR(VLOOKUP($A22,Admission!$1:$998,4,0),"") -> MUSHARRAF ANSARI | C22: =IFERROR(VLOOKUP($A22,Admission!$1:$998,5,0),"") -> RAMJAN ANSARI | D22: =IFERROR(VLOOKUP($A22,Admission!$1:$998,10,0),"") -> 8777097447 | E22: =IFERROR(VLOOKUP($A22,Admission!$1:$998,3,0),"") -> Hosteller | F22: 0 | G22: 4000 | H22: 4000 | I22: 200 | J22: 4000 | K22: 4000 | L22: 4000 | N22: 4000 | O22: 4000 | P22: 4000 | R22: left | S22: left | T22: left | U22: left
A23: 175 | B23: =IFERROR(VLOOKUP($A23,Admission!$1:$998,4,0),"") -> NIYAZ ALAM | C23: =IFERROR(VLOOKUP($A23,Admission!$1:$998,5,0),"") -> ABUL KASIM | D23: =IFERROR(VLOOKUP($A23,Admission!$1:$998,10,0),"") -> 8709903830 | E23: =IFERROR(VLOOKUP($A23,Admission!$1:$998,3,0),"") -> Day Scholar | F23: 800 | G23: 800 | H23: 800 | I23: 200 | J23: 800 | K23: 800 | L23: 800 | M23: 200 | N23: 800 | O23: 800 | P23: 800 | R23: 800 | S23: 800 | U23: 800
A24: 171 | B24: =IFERROR(VLOOKUP($A24,Admission!$1:$998,4,0),"") -> MEHNAZ AKHTAR | C24: =IFERROR(VLOOKUP($A24,Admission!$1:$998,5,0),"") -> SHAMIM AKHTAR | D24: =IFERROR(VLOOKUP($A24,Admission!$1:$998,10,0),"") -> 8084828089 | E24: =IFERROR(VLOOKUP($A24,Admission!$1:$998,3,0),"") -> Day Scholar | F24: 800 | G24: 800 | H24: 800 | I24: 200 | J24: 800 | K24: 800 | L24: 800 | N24: 800 | O24: 800 | P24: 800 | R24: left | S24: left | T24: left | U24: left
A25: 26 | B25: =IFERROR(VLOOKUP($A25,Admission!$1:$998,4,0),"") -> NASIB ALAM | C25: =IFERROR(VLOOKUP($A25,Admission!$1:$998,5,0),"") -> SABBIR ALAM | D25: =IFERROR(VLOOKUP($A25,Admission!$1:$998,10,0),"") -> 7260034191 | E25: =IFERROR(VLOOKUP($A25,Admission!$1:$998,3,0),"") -> Day Scholar | F25: 800 | G25: 800 | H25: 800 | I25: 200 | J25: 800 | K25: 800 | L25: 800 | N25: 800 | O25: 800 | P25: 800 | R25: 800 | S25: 800
B26: =IFERROR(VLOOKUP($A26,Admission!$1:$998,4,0),"") | C26: =IFERROR(VLOOKUP($A26,Admission!$1:$998,5,0),"") | D26: =IFERROR(VLOOKUP($A26,Admission!$1:$998,10,0),"") | E26: =IFERROR(VLOOKUP($A26,Admission!$1:$998,3,0),"")
B27: =IFERROR(VLOOKUP($A27,Admission!$1:$998,4,0),"") | C27: =IFERROR(VLOOKUP($A27,Admission!$1:$998,5,0),"") | D27: =IFERROR(VLOOKUP($A27,Admission!$1:$998,10,0),"") | E27: =IFERROR(VLOOKUP($A27,Admission!$1:$998,3,0),"")
B28: =IFERROR(VLOOKUP($A28,Admission!$1:$998,4,0),"") | C28: =IFERROR(VLOOKUP($A28,Admission!$1:$998,5,0),"") | D28: =IFERROR(VLOOKUP($A28,Admission!$1:$998,10,0),"") | E28: =IFERROR(VLOOKUP($A28,Admission!$1:$998,3,0),"")
B29: =IFERROR(VLOOKUP($A29,Admission!$1:$998,4,0),"") | C29: =IFERROR(VLOOKUP($A29,Admission!$1:$998,5,0),"") | D29: =IFERROR(VLOOKUP($A29,Admission!$1:$998,10,0),"") | E29: =IFERROR(VLOOKUP($A29,Admission!$1:$998,3,0),"")
B30: =IFERROR(VLOOKUP($A30,Admission!$1:$998,4,0),"") | C30: =IFERROR(VLOOKUP($A30,Admission!$1:$998,5,0),"") | D30: =IFERROR(VLOOKUP($A30,Admission!$1:$998,10,0),"") | E30: =IFERROR(VLOOKUP($A30,Admission!$1:$998,3,0),"")
B31: =IFERROR(VLOOKUP($A31,Admission!$1:$998,4,0),"") | C31: =IFERROR(VLOOKUP($A31,Admission!$1:$998,5,0),"") | D31: =IFERROR(VLOOKUP($A31,Admission!$1:$998,10,0),"") | E31: =IFERROR(VLOOKUP($A31,Admission!$1:$998,3,0),"")
B32: =IFERROR(VLOOKUP($A32,Admission!$1:$998,4,0),"") | C32: =IFERROR(VLOOKUP($A32,Admission!$1:$998,5,0),"") | D32: =IFERROR(VLOOKUP($A32,Admission!$1:$998,10,0),"") | E32: =IFERROR(VLOOKUP($A32,Admission!$1:$998,3,0),"")
B33: =IFERROR(VLOOKUP($A33,Admission!$1:$998,4,0),"") | C33: =IFERROR(VLOOKUP($A33,Admission!$1:$998,5,0),"") | D33: =IFERROR(VLOOKUP($A33,Admission!$1:$998,10,0),"") | E33: =IFERROR(VLOOKUP($A33,Admission!$1:$998,3,0),"")
B34: =IFERROR(VLOOKUP($A34,Admission!$1:$998,4,0),"") | C34: =IFERROR(VLOOKUP($A34,Admission!$1:$998,5,0),"") | D34: =IFERROR(VLOOKUP($A34,Admission!$1:$998,10,0),"") | E34: =IFERROR(VLOOKUP($A34,Admission!$1:$998,3,0),"")
B35: =IFERROR(VLOOKUP($A35,Admission!$1:$998,4,0),"") | C35: =IFERROR(VLOOKUP($A35,Admission!$1:$998,5,0),"") | D35: =IFERROR(VLOOKUP($A35,Admission!$1:$998,10,0),"") | E35: =IFERROR(VLOOKUP($A35,Admission!$1:$998,3,0),"")
B36: =IFERROR(VLOOKUP($A36,Admission!$1:$998,4,0),"") | C36: =IFERROR(VLOOKUP($A36,Admission!$1:$998,5,0),"") | D36: =IFERROR(VLOOKUP($A36,Admission!$1:$998,10,0),"") | E36: =IFERROR(VLOOKUP($A36,Admission!$1:$998,3,0),"")
B37: =IFERROR(VLOOKUP($A37,Admission!$1:$998,4,0),"") | C37: =IFERROR(VLOOKUP($A37,Admission!$1:$998,5,0),"") | D37: =IFERROR(VLOOKUP($A37,Admission!$1:$998,10,0),"") | E37: =IFERROR(VLOOKUP($A37,Admission!$1:$998,3,0),"")
... B43: =IFERROR(VLOOKUP($A43,Admission!$1:$998,4,0),"") | C43: =IFERROR(VLOOKUP($A43,Admission!$1:$998,5,0),"") | D43: =IFERROR(VLOOKUP($A43,Admission!$1:$998,10,0),"") | E43: =IFERROR(VLOOKUP($A43,Admission!$1:$998,3,0),"")
B44: =IFERROR(VLOOKUP($A44,Admission!$1:$998,4,0),"") | C44: =IFERROR(VLOOKUP($A44,Admission!$1:$998,5,0),"") | E44: =IFERROR(VLOOKUP($A44,Admission!$1:$998,3,0),"")
B45: =IFERROR(VLOOKUP($A45,Admission!$1:$998,4,0),"") | C45: =IFERROR(VLOOKUP($A45,Admission!$1:$998,5,0),"") | E45: =IFERROR(VLOOKUP($A45,Admission!$1:$998,3,0),"")
B46: =IFERROR(VLOOKUP($A46,Admission!$1:$998,4,0),"") | C46: =IFERROR(VLOOKUP($A46,Admission!$1:$998,5,0),"") | E46: =IFERROR(VLOOKUP($A46,Admission!$1:$998,3,0),"")
B47: =IFERROR(VLOOKUP($A47,Admission!$1:$998,4,0),"") | C47: =IFERROR(VLOOKUP($A47,Admission!$1:$998,5,0),"") | E47: =IFERROR(VLOOKUP($A47,Admission!$1:$998,3,0),"")
B48: =IFERROR(VLOOKUP($A48,Admission!$1:$998,4,0),"") | C48: =IFERROR(VLOOKUP($A48,Admission!$1:$998,5,0),"") | E48: =IFERROR(VLOOKUP($A48,Admission!$1:$998,3,0),"")
B49: =IFERROR(VLOOKUP($A49,Admission!$1:$998,4,0),"") | C49: =IFERROR(VLOOKUP($A49,Admission!$1:$998,5,0),"") | E49: =IFERROR(VLOOKUP($A49,Admission!$1:$998,3,0),"")
B50: =IFERROR(VLOOKUP($A50,Admission!$1:$998,4,0),"") | C50: =IFERROR(VLOOKUP($A50,Admission!$1:$998,5,0),"") | E50: =IFERROR(VLOOKUP($A50,Admission!$1:$998,3,0),"")
B51: =IFERROR(VLOOKUP($A51,Admission!$1:$998,4,0),"") | C51: =IFERROR(VLOOKUP($A51,Admission!$1:$998,5,0),"") | E51: =IFERROR(VLOOKUP($A51,Admission!$1:$998,3,0),"")
B52: =IFERROR(VLOOKUP($A52,Admission!$1:$998,4,0),"") | C52: =IFERROR(VLOOKUP($A52,Admission!$1:$998,5,0),"") | E52: =IFERROR(VLOOKUP($A52,Admission!$1:$998,3,0),"")
B53: =IFERROR(VLOOKUP($A53,Admission!$1:$998,4,0),"") | C53: =IFERROR(VLOOKUP($A53,Admission!$1:$998,5,0),"") | E53: =IFERROR(VLOOKUP($A53,Admission!$1:$998,3,0),"")
B54: =IFERROR(VLOOKUP($A54,Admission!$1:$998,4,0),"") | C54: =IFERROR(VLOOKUP($A54,Admission!$1:$998,5,0),"") | E54: =IFERROR(VLOOKUP($A54,Admission!$1:$998,3,0),"")
B55: =IFERROR(VLOOKUP($A55,Admission!$1:$998,4,0),"") | C55: =IFERROR(VLOOKUP($A55,Admission!$1:$998,5,0),"") | E55: =IFERROR(VLOOKUP($A55,Admission!$1:$998,3,0),"")
... B150: =IFERROR(VLOOKUP($A150,Admission!$1:$998,4,0),"") | C150: =IFERROR(VLOOKUP($A150,Admission!$1:$998,5,0),"") | E150: =IFERROR(VLOOKUP($A150,Admission!$1:$998,3,0),"")
E151: =IFERROR(VLOOKUP($A151,Admission!150:1145,3,0),"")
E152: =IFERROR(VLOOKUP($A152,Admission!151:1146,3,0),"")
E153: =IFERROR(VLOOKUP($A153,Admission!152:1147,3,0),"")
E154: =IFERROR(VLOOKUP($A154,Admission!153:1148,3,0),"")
E155: =IFERROR(VLOOKUP($A155,Admission!154:1149,3,0),"")
E156: =IFERROR(VLOOKUP($A156,Admission!155:1150,3,0),"")
E157: =IFERROR(VLOOKUP($A157,Admission!156:1151,3,0),"")
E158: =IFERROR(VLOOKUP($A158,Admission!157:1152,3,0),"")
E159: =IFERROR(VLOOKUP($A159,Admission!158:1153,3,0),"")
E160: =IFERROR(VLOOKUP($A160,Admission!159:1154,3,0),"")
E161: =IFERROR(VLOOKUP($A161,Admission!160:1155,3,0),"")
E162: =IFERROR(VLOOKUP($A162,Admission!161:1156,3,0),"")
E163: =IFERROR(VLOOKUP($A163,Admission!162:1157,3,0),"")
E164: =IFERROR(VLOOKUP($A164,Admission!163:1158,3,0),"")
E165: =IFERROR(VLOOKUP($A165,Admission!164:1159,3,0),"")
E166: =IFERROR(VLOOKUP($A166,Admission!165:1160,3,0),"")
E167: =IFERROR(VLOOKUP($A167,Admission!166:1161,3,0),"")
E168: =IFERROR(VLOOKUP($A168,Admission!167:1162,3,0),"")
E169: =IFERROR(VLOOKUP($A169,Admission!168:1163,3,0),"")
E170: =IFERROR(VLOOKUP($A170,Admission!169:1164,3,0),"")
E171: =IFERROR(VLOOKUP($A171,Admission!170:1165,3,0),"")
E172: =IFERROR(VLOOKUP($A172,Admission!171:1166,3,0),"")
E173: =IFERROR(VLOOKUP($A173,Admission!172:1167,3,0),"")
E174: =IFERROR(VLOOKUP($A174,Admission!173:1168,3,0),"")
E175: =IFERROR(VLOOKUP($A175,Admission!174:1169,3,0),"")
E176: =IFERROR(VLOOKUP($A176,Admission!175:1170,3,0),"")
E177: =IFERROR(VLOOKUP($A177,Admission!176:1171,3,0),"")
E178: =IFERROR(VLOOKUP($A178,Admission!177:1172,3,0),"")
E179: =IFERROR(VLOOKUP($A179,Admission!178:1173,3,0),"")
E180: =IFERROR(VLOOKUP($A180,Admission!178:1174,3,0),"")
E181: =IFERROR(VLOOKUP($A181,Admission!178:1175,3,0),"")
E182: =IFERROR(VLOOKUP($A182,Admission!178:1176,3,0),"")
E183: =IFERROR(VLOOKUP($A183,Admission!178:1177,3,0),"")
E184: =IFERROR(VLOOKUP($A184,Admission!179:1178,3,0),"")
E185: =IFERROR(VLOOKUP($A185,Admission!180:1179,3,0),"")
E186: =IFERROR(VLOOKUP($A186,Admission!181:1180,3,0),"")
E187: =IFERROR(VLOOKUP($A187,Admission!182:1181,3,0),"")
E188: =IFERROR(VLOOKUP($A188,Admission!183:1182,3,0),"")
E189: =IFERROR(VLOOKUP($A189,Admission!184:1183,3,0),"")
E190: =IFERROR(VLOOKUP($A190,Admission!181:1184,3,0),"")
E191: =IFERROR(VLOOKUP($A191,Admission!178:1185,3,0),"")
E192: =IFERROR(VLOOKUP($A192,Admission!179:1186,3,0),"")

Sheet III
A1: Total Students | B1: Hosteller | C1: Day Scholar | E1: Overall Collection | F1: Monthly total fees collection
A2: =COUNT(A4:A362) -> 17 | B2: =COUNTIF($E$4:$E$188,B1) -> 11 | C2: =COUNTIF($E$4:$E$188,C1) -> 6 | E2: =SUM(F2:U2) -> 471650 | F2: =SUM(F$4:F$998) -> 32600 | G2: =SUM(G$4:G$998) -> 40800 | H2: =SUM(H$4:H$998) -> 48800 | I2: =SUM(I$4:I$998) -> 2600 | J2: =SUM(J$4:J$998) -> 44800 | K2: =SUM(K$4:K$998) -> 36000 | L2: =SUM(L$4:L$998) -> 35200 | M2: =SUM(M$4:M$998) -> 2100 | ... U2: =SUM(U$4:U$998) -> 37600
A3: Ledger_No. | B3: Student_Name | C3: Father's name | D3: Phone No: | E3: Admission_Type | F3: Apr | G3: May | H3: Jun | I3: Exam | J3: Jul | K3: Aug | L3: Sep | M3: Exam Fee | N3: Oct | O3: Nov | P3: Dec | Q3: Exam Fee | R3: Jan | S3: Feb | T3: Exam Fee | U3: Mar
A4: 18 | B4: =IFERROR(VLOOKUP($A4,Admission!$1:$998,4,0),"") -> MD ASIM | C4: =IFERROR(VLOOKUP($A4,Admission!$1:$998,5,0),"") -> SAYEEDUR RAHMAN | D4: =IFERROR(VLOOKUP($A4,Admission!$1:$998,10,0),"") -> 9199390869 | E4: =IFERROR(VLOOKUP($A4,Admission!$1:$998,3,0),"") -> Day Scholar | F4: 800 | G4: 800 | H4: 800 | I4: 200 | J4: 800 | K4: 800 | L4: 800 | M4: 200 | N4: 800 | O4: 800 | P4: 800 | Q4: 200 | R4: 800 | S4: 800 | T4: 200 | U4: 800
A5: 28 | B5: =IFERROR(VLOOKUP($A5,Admission!$1:$998,4,0),"") -> FAHIM SEKH | C5: =IFERROR(VLOOKUP($A5,Admission!$1:$998,5,0),"") -> KHABIR SEKH | D5: =IFERROR(VLOOKUP($A5,Admission!$1:$998,10,0),"") -> 7003238326 | E5: =IFERROR(VLOOKUP($A5,Admission!$1:$998,3,0),"") -> Hosteller | F5: 4000 | G5: 4000 | H5: 4000 | J5: 4000 | K5: 4000 | L5: 4000 | N5: 4000 | O5: 4000 | P5: 4000 | R5: 4000 | S5: 4000 | U5: 4000
A6: 41 | B6: =IFERROR(VLOOKUP($A6,Admission!$1:$998,4,0),"") -> WAJIHA ABDULLAH | C6: =IFERROR(VLOOKUP($A6,Admission!$1:$998,5,0),"") -> FARUK ABDULLAH | D6: =IFERROR(VLOOKUP($A6,Admission!$1:$998,10,0),"") -> 8084353536 | E6: =IFERROR(VLOOKUP($A6,Admission!$1:$998,3,0),"") -> Day Scholar | F6: 800 | G6: 800 | H6: 800 | I6: 200 | J6: 800 | K6: LEFT | L6: LEFT | M6: LEFT | N6: LEFT | O6: LEFT | P6: LEFT | Q6: LEFT | R6: LEFT | S6: LEFT | T6: LEFT | U6: LEFT
A7: 45 | B7: =IFERROR(VLOOKUP($A7,Admission!$1:$998,4,0),"") -> MOHAMMAD AFTAN | C7: =IFERROR(VLOOKUP($A7,Admission!$1:$998,5,0),"") -> ABDUL JABBAR | D7: =IFERROR(VLOOKUP($A7,Admission!$1:$998,10,0),"") -> 9006956889 | E7: =IFERROR(VLOOKUP($A7,Admission!$1:$998,3,0),"") -> Hosteller | F7: 3800 | G7: 4000 | H7: 4000 | I7: 200 | J7: 4000 | K7: 4000 | L7: 4000 | M7: 200 | N7: 4000 | O7: 4000 | P7: 4000 | Q7: 200 | R7: 4000 | S7: 4000 | T7: 200 | U7: 4000
A8: 68 | B8: =IFERROR(VLOOKUP($A8,Admission!$1:$998,4,0),"") -> MD TAUFIQUE ANSARI | C8: =IFERROR(VLOOKUP($A8,Admission!$1:$998,5,0),"") -> MD RAFIQUE ANSARI | D8: =IFERROR(VLOOKUP($A8,Admission!$1:$998,10,0),"") -> 9065969256 | E8: =IFERROR(VLOOKUP($A8,Admission!$1:$998,3,0),"") -> Hosteller | F8: 4000 | G8: 4000 | H8: 4000 | I8: 200 | J8: 4000 | K8: 4000 | L8: 4000 | M8: 200 | N8: 4000 | O8: 4000 | P8: 4000 | Q8: 200 | R8: 4000 | S8: 4000 | T8: 200 | U8: 4000
A9: 76 | B9: =IFERROR(VLOOKUP($A9,Admission!$1:$998,4,0),"") -> MOHAMMAD REHAN ANSARI | C9: =IFERROR(VLOOKUP($A9,Admission!$1:$998,5,0),"") -> MOHAMMAD JIYAUL ANSARI | D9: =IFERROR(VLOOKUP($A9,Admission!$1:$998,10,0),"") -> 8809023587 | E9: =IFERROR(VLOOKUP($A9,Admission!$1:$998,3,0),"") -> Hosteller | F9: 4000 | G9: 4000 | H9: 4000 | I9: 200 | J9: 4000 | K9: 4000 | L9: 4000 | M9: 250 | N9: 4000 | O9: 4000 | P9: 4000 | Q9: 250 | R9: 4000 | S9: 4000 | U9: 4000
A10: 83 | B10: =IFERROR(VLOOKUP($A10,Admission!$1:$998,4,0),"") -> HASAN | C10: =IFERROR(VLOOKUP($A10,Admission!$1:$998,5,0),"") -> HASHRUDDIN | D10: =IFERROR(VLOOKUP($A10,Admission!$1:$998,10,0),"") -> 8102113518 | E10: =IFERROR(VLOOKUP($A10,Admission!$1:$998,3,0),"") -> Hosteller | F10: 4000 | G10: 4000 | H10: 4000 | I10: 200 | J10: 4000 | K10: LEFT | L10: LEFT | N10: left | O10: LEFT | P10: left | Q10: left | R10: left | S10: left | T10: left | U10: left
A11: 90 | B11: =IFERROR(VLOOKUP($A11,Admission!$1:$998,4,0),"") -> AADIL ANSARI | C11: =IFERROR(VLOOKUP($A11,Admission!$1:$998,5,0),"") -> MD MEARAJ ANSARI | D11: =IFERROR(VLOOKUP($A11,Admission!$1:$998,10,0),"") -> 9546591339 | E11: =IFERROR(VLOOKUP($A11,Admission!$1:$998,3,0),"") -> Hosteller | F11: 0 | G11: 4000 | H11: 4000 | I11: 200 | J11: 4000 | K11: 4000 | L11: 4000 | M11: 200 | N11: 4000 | O11: 4000 | P11: 4000 | Q11: 200 | R11: 4000 | S11: 4000 | T11: 200 | U11: 4000
A12: 93 | B12: =IFERROR(VLOOKUP($A12,Admission!$1:$998,4,0),"") -> SAHANAWAJ HUSSAIN | C12: =IFERROR(VLOOKUP($A12,Admission!$1:$998,5,0),"") -> RAJIBUL ISLAM | D12: =IFERROR(VLOOKUP($A12,Admission!$1:$998,10,0),"") -> 8789153525 | E12: =IFERROR(VLOOKUP($A12,Admission!$1:$998,3,0),"") -> Hosteller | F12: 4000 | G12: 4000 | H12: 4000 | I12: 200 | J12: 4000 | K12: 4000 | L12: 4000 | M12: 200 | N12: 4000 | O12: 4000 | P12: 4000 | Q12: 200 | R12: 4000 | S12: 4000 | T12: 200 | U12: 4000
A13: 121 | B13: =IFERROR(VLOOKUP($A13,Admission!$1:$998,4,0),"") -> WASIM AKTAR | C13: =IFERROR(VLOOKUP($A13,Admission!$1:$998,5,0),"") -> SAFIK ALAM | D13: =IFERROR(VLOOKUP($A13,Admission!$1:$998,10,0),"") -> 9199240773 | E13: =IFERROR(VLOOKUP($A13,Admission!$1:$998,3,0),"") -> Hosteller | F13: 4000 | G13: 4000 | H13: 4000 | J13: 4000 | K13: 4000 | L13: 4000 | N13: 4000 | S13: left | T13: left | U13: left
A14: 123 | B14: =IFERROR(VLOOKUP($A14,Admission!$1:$998,4,0),"") -> SARFARAJ ALAM | C14: =IFERROR(VLOOKUP($A14,Admission!$1:$998,5,0),"") -> MD IDRISH | D14: =IFERROR(VLOOKUP($A14,Admission!$1:$998,10,0),"") -> 9142082870 | E14: =IFERROR(VLOOKUP($A14,Admission!$1:$998,3,0),"") -> Day Scholar | F14: 800 | G14: 800 | H14: 800 | I14: 200 | J14: 800 | K14: 800
A15: 148 | B15: =IFERROR(VLOOKUP($A15,Admission!$1:$998,4,0),"") -> TAUKIR ALAM | C15: =IFERROR(VLOOKUP($A15,Admission!$1:$998,5,0),"") -> RUHUL SHEKH | D15: =IFERROR(VLOOKUP($A15,Admission!$1:$998,10,0),"") -> 8210692094 | E15: =IFERROR(VLOOKUP($A15,Admission!$1:$998,3,0),"") -> Hosteller | F15: 0 | G15: 0 | H15: 4000 | I15: 200 | J15: 4000 | K15: 4000 | L15: 4000 | M15: 200 | N15: 4000 | O15: 4000 | P15: 4000 | Q15: 200 | R15: 4000 | S15: 4000 | T15: 200 | U15: 4000
A16: 152 | B16: =IFERROR(VLOOKUP($A16,Admission!$1:$998,4,0),"") -> RIJWAN HUSSAIN | C16: =IFERROR(VLOOKUP($A16,Admission!$1:$998,5,0),"") -> MD SADDAM HUSSAIN | D16: =IFERROR(VLOOKUP($A16,Admission!$1:$998,10,0),"") -> 9980324610 | E16: =IFERROR(VLOOKUP($A16,Admission!$1:$998,3,0),"") -> Hosteller | F16: 0 | G16: 0 | H16: 4000 | I16: NIL | J16: NIL | K16: NIL | L16: NIL | M16: NIL | N16: NIL | O16: NIL | P16: 4000 | Q16: 200 | R16: 4000 | S16: 4000 | T16: 200 | U16: 4000
A17: 155 | B17: =IFERROR(VLOOKUP($A17,Admission!$1:$998,4,0),"") -> RAUNAK ISLAM | C17: =IFERROR(VLOOKUP($A17,Admission!$1:$998,5,0),"") -> BELAL SEKH | D17: =IFERROR(VLOOKUP($A17,Admission!$1:$998,10,0),"") -> 9006023631 | E17: =IFERROR(VLOOKUP($A17,Admission!$1:$998,3,0),"") -> Day Scholar | F17: 800 | G17: 800 | H17: 800 | I17: 200 | J17: 800 | K17: 800 | L17: 800 | M17: 250 | N17: 800 | O17: 800 | P17: 800 | Q17: 250 | R17: 800 | S17: 800 | T17: 250 | U17: 800
A18: 119 | B18: =IFERROR(VLOOKUP($A18,Admission!$1:$998,4,0),"") -> WAHIDA KHATUN | C18: =IFERROR(VLOOKUP($A18,Admission!$1:$998,5,0),"") -> ALAMGIR ALAM | D18: =IFERROR(VLOOKUP($A18,Admission!$1:$998,10,0),"") -> 8809343430 | E18: =IFERROR(VLOOKUP($A18,Admission!$1:$998,3,0),"") -> Hosteller | F18: 0 | G18: 4000 | H18: 4000 | J18: 4000 | K18: left | L18: left | N18: left | O18: LEFT | P18: left | Q18: left | R18: left | S18: left | T18: left | U18: left
A19: 158 | B19: =IFERROR(VLOOKUP($A19,Admission!$1:$998,4,0),"") -> MD MUJAHIDUL ISLAM | C19: =IFERROR(VLOOKUP($A19,Admission!$1:$998,5,0),"") -> NASIM AHMAD | D19: =IFERROR(VLOOKUP($A19,Admission!$1:$998,10,0),"") -> 9431388244 | E19: =IFERROR(VLOOKUP($A19,Admission!$1:$998,3,0),"") -> Day Scholar | F19: 800 | G19: 800 | H19: 800 | I19: 200 | J19: 800 | K19: 800 | L19: 800 | M19: 200 | N19: 4000 | O19: 4000 | P19: 4000 | Q19: 200 | R19: 4000 | S19: 4000 | T19: 200 | U19: 4000
A20: 159 | B20: =IFERROR(VLOOKUP($A20,Admission!$1:$998,4,0),"") -> MINHAZ ALAM | C20: =IFERROR(VLOOKUP($A20,Admission!$1:$998,5,0),"") -> ASFARUL SEKH | D20: =IFERROR(VLOOKUP($A20,Admission!$1:$998,10,0),"") -> 7321949591 | E20: =IFERROR(VLOOKUP($A20,Admission!$1:$998,3,0),"") -> Day Scholar | F20: 800 | G20: 800 | H20: 800 | I20: 200 | J20: 800 | K20: 800 | L20: 800 | M20: 200 | N20: 800 | O20: 800 | P20: 800 | R20: 800
B22: =IFERROR(VLOOKUP($A22,Admission!$1:$998,4,0),"") | C22: =IFERROR(VLOOKUP($A22,Admission!$1:$998,5,0),"") | D22: =IFERROR(VLOOKUP($A22,Admission!$1:$998,10,0),"") | E22: =IFERROR(VLOOKUP($A22,Admission!$1:$998,3,0),"")
B23: =IFERROR(VLOOKUP($A23,Admission!$1:$998,4,0),"") | C23: =IFERROR(VLOOKUP($A23,Admission!$1:$998,5,0),"") | D23: =IFERROR(VLOOKUP($A23,Admission!$1:$998,10,0),"") | E23: =IFERROR(VLOOKUP($A23,Admission!$1:$998,3,0),"")
B24: =IFERROR(VLOOKUP($A24,Admission!$1:$998,4,0),"") | C24: =IFERROR(VLOOKUP($A24,Admission!$1:$998,5,0),"") | D24: =IFERROR(VLOOKUP($A24,Admission!$1:$998,10,0),"") | E24: =IFERROR(VLOOKUP($A24,Admission!$1:$998,3,0),"")
B25: =IFERROR(VLOOKUP($A25,Admission!$1:$998,4,0),"") | C25: =IFERROR(VLOOKUP($A25,Admission!$1:$998,5,0),"") | D25: =IFERROR(VLOOKUP($A25,Admission!$1:$998,10,0),"") | E25: =IFERROR(VLOOKUP($A25,Admission!$1:$998,3,0),"")
B26: =IFERROR(VLOOKUP($A26,Admission!$1:$998,4,0),"") | C26: =IFERROR(VLOOKUP($A26,Admission!$1:$998,5,0),"") | D26: =IFERROR(VLOOKUP($A26,Admission!$1:$998,10,0),"") | E26: =IFERROR(VLOOKUP($A26,Admission!$1:$998,3,0),"")
B27: =IFERROR(VLOOKUP($A27,Admission!$1:$998,4,0),"") | C27: =IFERROR(VLOOKUP($A27,Admission!$1:$998,5,0),"") | D27: =IFERROR(VLOOKUP($A27,Admission!$1:$998,10,0),"") | E27: =IFERROR(VLOOKUP($A27,Admission!$1:$998,3,0),"")
B28: =IFERROR(VLOOKUP($A28,Admission!$1:$998,4,0),"") | C28: =IFERROR(VLOOKUP($A28,Admission!$1:$998,5,0),"") | D28: =IFERROR(VLOOKUP($A28,Admission!$1:$998,10,0),"") | E28: =IFERROR(VLOOKUP($A28,Admission!$1:$998,3,0),"")
B29: =IFERROR(VLOOKUP($A29,Admission!$1:$998,4,0),"") | C29: =IFERROR(VLOOKUP($A29,Admission!$1:$998,5,0),"") | D29: =IFERROR(VLOOKUP($A29,Admission!$1:$998,10,0),"") | E29: =IFERROR(VLOOKUP($A29,Admission!$1:$998,3,0),"")
B30: =IFERROR(VLOOKUP($A30,Admission!$1:$998,4,0),"") | C30: =IFERROR(VLOOKUP($A30,Admission!$1:$998,5,0),"") | D30: =IFERROR(VLOOKUP($A30,Admission!$1:$998,10,0),"") | E30: =IFERROR(VLOOKUP($A30,Admission!$1:$998,3,0),"")
B31: =IFERROR(VLOOKUP($A31,Admission!$1:$998,4,0),"") | C31: =IFERROR(VLOOKUP($A31,Admission!$1:$998,5,0),"") | D31: =IFERROR(VLOOKUP($A31,Admission!$1:$998,10,0),"") | E31: =IFERROR(VLOOKUP($A31,Admission!$1:$998,3,0),"")
B32: =IFERROR(VLOOKUP($A32,Admission!$1:$998,4,0),"") | C32: =IFERROR(VLOOKUP($A32,Admission!$1:$998,5,0),"") | D32: =IFERROR(VLOOKUP($A32,Admission!$1:$998,10,0),"") | E32: =IFERROR(VLOOKUP($A32,Admission!$1:$998,3,0),"")
B33: =IFERROR(VLOOKUP($A33,Admission!$1:$998,4,0),"") | C33: =IFERROR(VLOOKUP($A33,Admission!$1:$998,5,0),"") | D33: =IFERROR(VLOOKUP($A33,Admission!$1:$998,10,0),"") | E33: =IFERROR(VLOOKUP($A33,Admission!$1:$998,3,0),"")
B34: =IFERROR(VLOOKUP($A34,Admission!$1:$998,4,0),"") | C34: =IFERROR(VLOOKUP($A34,Admission!$1:$998,5,0),"") | D34: =IFERROR(VLOOKUP($A34,Admission!$1:$998,10,0),"") | E34: =IFERROR(VLOOKUP($A34,Admission!$1:$998,3,0),"")
B35: =IFERROR(VLOOKUP($A35,Admission!$1:$998,4,0),"") | C35: =IFERROR(VLOOKUP($A35,Admission!$1:$998,5,0),"") | E35: =IFERROR(VLOOKUP($A35,Admission!$1:$998,3,0),"")
B36: =IFERROR(VLOOKUP($A36,Admission!$1:$998,4,0),"") | C36: =IFERROR(VLOOKUP($A36,Admission!$1:$998,5,0),"") | E36: =IFERROR(VLOOKUP($A36,Admission!$1:$998,3,0),"")
B37: =IFERROR(VLOOKUP($A37,Admission!$1:$998,4,0),"") | C37: =IFERROR(VLOOKUP($A37,Admission!$1:$998,5,0),"") | E37: =IFERROR(VLOOKUP($A37,Admission!$1:$998,3,0),"")
B38: =IFERROR(VLOOKUP($A38,Admission!$1:$998,4,0),"") | C38: =IFERROR(VLOOKUP($A38,Admission!$1:$998,5,0),"") | E38: =IFERROR(VLOOKUP($A38,Admission!$1:$998,3,0),"")
B39: =IFERROR(VLOOKUP($A39,Admission!$1:$998,4,0),"") | C39: =IFERROR(VLOOKUP($A39,Admission!$1:$998,5,0),"") | E39: =IFERROR(VLOOKUP($A39,Admission!$1:$998,3,0),"")
B40: =IFERROR(VLOOKUP($A40,Admission!$1:$998,4,0),"") | C40: =IFERROR(VLOOKUP($A40,Admission!$1:$998,5,0),"") | E40: =IFERROR(VLOOKUP($A40,Admission!$1:$998,3,0),"")
B41: =IFERROR(VLOOKUP($A41,Admission!$1:$998,4,0),"") | C41: =IFERROR(VLOOKUP($A41,Admission!$1:$998,5,0),"") | E41: =IFERROR(VLOOKUP($A41,Admission!$1:$998,3,0),"")
B42: =IFERROR(VLOOKUP($A42,Admission!$1:$998,4,0),"") | C42: =IFERROR(VLOOKUP($A42,Admission!$1:$998,5,0),"") | E42: =IFERROR(VLOOKUP($A42,Admission!$1:$998,3,0),"")
B43: =IFERROR(VLOOKUP($A43,Admission!$1:$998,4,0),"") | C43: =IFERROR(VLOOKUP($A43,Admission!$1:$998,5,0),"") | E43: =IFERROR(VLOOKUP($A43,Admission!$1:$998,3,0),"")
B44: =IFERROR(VLOOKUP($A44,Admission!$1:$998,4,0),"") | C44: =IFERROR(VLOOKUP($A44,Admission!$1:$998,5,0),"") | E44: =IFERROR(VLOOKUP($A44,Admission!$1:$998,3,0),"")
B45: =IFERROR(VLOOKUP($A45,Admission!$1:$998,4,0),"") | C45: =IFERROR(VLOOKUP($A45,Admission!$1:$998,5,0),"") | E45: =IFERROR(VLOOKUP($A45,Admission!$1:$998,3,0),"")
B46: =IFERROR(VLOOKUP($A46,Admission!$1:$998,4,0),"") | C46: =IFERROR(VLOOKUP($A46,Admission!$1:$998,5,0),"") | E46: =IFERROR(VLOOKUP($A46,Admission!$1:$998,3,0),"")
... B146: =IFERROR(VLOOKUP($A146,Admission!$1:$998,4,0),"") | C146: =IFERROR(VLOOKUP($A146,Admission!$1:$998,5,0),"") | E146: =IFERROR(VLOOKUP($A146,Admission!$1:$998,3,0),"")
E147: =IFERROR(VLOOKUP($A147,Admission!150:1145,3,0),"")
E148: =IFERROR(VLOOKUP($A148,Admission!151:1146,3,0),"")
E149: =IFERROR(VLOOKUP($A149,Admission!152:1147,3,0),"")
E150: =IFERROR(VLOOKUP($A150,Admission!153:1148,3,0),"")
E151: =IFERROR(VLOOKUP($A151,Admission!154:1149,3,0),"")
E152: =IFERROR(VLOOKUP($A152,Admission!155:1150,3,0),"")
E153: =IFERROR(VLOOKUP($A153,Admission!156:1151,3,0),"")
E154: =IFERROR(VLOOKUP($A154,Admission!157:1152,3,0),"")
E155: =IFERROR(VLOOKUP($A155,Admission!158:1153,3,0),"")
E156: =IFERROR(VLOOKUP($A156,Admission!159:1154,3,0),"")
E157: =IFERROR(VLOOKUP($A157,Admission!160:1155,3,0),"")
E158: =IFERROR(VLOOKUP($A158,Admission!161:1156,3,0),"")
E159: =IFERROR(VLOOKUP($A159,Admission!162:1157,3,0),"")
E160: =IFERROR(VLOOKUP($A160,Admission!163:1158,3,0),"")
E161: =IFERROR(VLOOKUP($A161,Admission!164:1159,3,0),"")
E162: =IFERROR(VLOOKUP($A162,Admission!165:1160,3,0),"")
E163: =IFERROR(VLOOKUP($A163,Admission!166:1161,3,0),"")
E164: =IFERROR(VLOOKUP($A164,Admission!167:1162,3,0),"")
E165: =IFERROR(VLOOKUP($A165,Admission!168:1163,3,0),"")
E166: =IFERROR(VLOOKUP($A166,Admission!169:1164,3,0),"")
E167: =IFERROR(VLOOKUP($A167,Admission!170:1165,3,0),"")
E168: =IFERROR(VLOOKUP($A168,Admission!171:1166,3,0),"")
E169: =IFERROR(VLOOKUP($A169,Admission!172:1167,3,0),"")
E170: =IFERROR(VLOOKUP($A170,Admission!173:1168,3,0),"")
E171: =IFERROR(VLOOKUP($A171,Admission!174:1169,3,0),"")
E172: =IFERROR(VLOOKUP($A172,Admission!175:1170,3,0),"")
E173: =IFERROR(VLOOKUP($A173,Admission!176:1171,3,0),"")
E174: =IFERROR(VLOOKUP($A174,Admission!177:1172,3,0),"")
E175: =IFERROR(VLOOKUP($A175,Admission!178:1173,3,0),"")
E176: =IFERROR(VLOOKUP($A176,Admission!178:1174,3,0),"")
E177: =IFERROR(VLOOKUP($A177,Admission!178:1175,3,0),"")
E178: =IFERROR(VLOOKUP($A178,Admission!178:1176,3,0),"")
E179: =IFERROR(VLOOKUP($A179,Admission!178:1177,3,0),"")
E180: =IFERROR(VLOOKUP($A180,Admission!179:1178,3,0),"")
E181: =IFERROR(VLOOKUP($A181,Admission!180:1179,3,0),"")
E182: =IFERROR(VLOOKUP($A182,Admission!181:1180,3,0),"")
E183: =IFERROR(VLOOKUP($A183,Admission!182:1181,3,0),"")
E184: =IFERROR(VLOOKUP($A184,Admission!183:1182,3,0),"")
E185: =IFERROR(VLOOKUP($A185,Admission!184:1183,3,0),"")
E186: =IFERROR(VLOOKUP($A186,Admission!181:1184,3,0),"")
E187: =IFERROR(VLOOKUP($A187,Admission!178:1185,3,0),"")
E188: =IFERROR(VLOOKUP($A188,Admission!179:1186,3,0),"")

Sheet IV
A1: Total Students | B1: Hosteller | C1: Day Scholar | E1: Overall Collection | F1: Monthly total fees collection
A2: =COUNT(A5:A363) -> 21 | B2: =COUNTIF($E$5:$E$189,B1) -> 14 | C2: =COUNTIF($E$5:$E$189,C1) -> 7 | E2: =SUM(F2:U2) -> 614500 | F2: =SUM(F$5:F$1002) -> 34100 | G2: =SUM(G$5:G$1002) -> 60550 | H2: =SUM(H$5:H$1002) -> 60550 | I2: =SUM(I5:I49) -> 4050 | J2: =SUM(J$5:J$1002) -> 60550 | K2: =SUM(K$5:K$1002) -> 52150 | L2: =SUM(L$5:L$1002) -> 52150 | M2: =SUM(M$5:M$1002) -> 3200 | N2: =SUM(N$5:N$1002) -> 52150 | O2: =SUM(O$5:O$1002) -> 52150 | P2: =SUM(P$5:P$1002) -> 45250 | Q2: =SUM(Q$5:Q$1002) -> 2600 | ... U2: =SUM(U$5:U$1002) -> 40350
A3: Ledger_No. | B3: Student_Name | C3: Father's name | D3: Phone No | E3: Admission_Type | F3: Apr | G3: May | H3: Jun | I3: Exam | J3: Jul | K3: Aug | L3: Sep | M3: Exam Fee | N3: Oct | O3: Nov | P3: Dec | Q3: Exam Fee | R3: Jan | S3: Feb | T3: Exam Fee | U3: Mar
A4: 4 | B4: =IFERROR(VLOOKUP($A4,Admission!$1:$998,4,0),"") -> SAHIL SHEKH | C4: =IFERROR(VLOOKUP($A4,Admission!$1:$998,5,0),"") -> KHALEK SEKH | D4: =IFERROR(VLOOKUP($A4,Admission!$1:$998,10,0),"") -> 9955896968 | E4: =IFERROR(VLOOKUP($A4,Admission!$1:$998,3,0),"") -> Hosteller | F4: 4200 | G4: 4200 | H4: 4200 | I4: 200 | J4: 4200 | K4: 4200 | L4: 4200 | M4: 200 | N4: 4200 | O4: 4200 | P4: 4200 | Q4: 200 | R4: 4200 | S4: 4200 | T4: 200 | U4: 4200
A5: 1 | B5: =IFERROR(VLOOKUP($A5,Admission!$1:$998,4,0),"") -> REHAN SEKH | C5: =IFERROR(VLOOKUP($A5,Admission!$1:$998,5,0),"") -> AZMAL SEKH | D5: =IFERROR(VLOOKUP($A5,Admission!$1:$998,10,0),"") -> 9065300299 | E5: =IFERROR(VLOOKUP($A5,Admission!$1:$998,3,0),"") -> Hosteller | F5: 4200 | G5: 4200 | H5: 4200 | I5: 200 | J5: 4200 | K5: 4200 | L5: 4200 | M5: 200 | N5: 4200 | O5: 4200 | P5: 4200 | Q5: 200 | R5: 4200 | S5: 4200 | T5: 200 | U5: 4200
A6: 2 | B6: =IFERROR(VLOOKUP($A6,Admission!$1:$998,4,0),"") -> TAMIM HASAN | C6: =IFERROR(VLOOKUP($A6,Admission!$1:$998,5,0),"") -> SAIFUL SEKH | D6: =IFERROR(VLOOKUP($A6,Admission!$1:$998,10,0),"") -> 9735411842 | E6: =IFERROR(VLOOKUP($A6,Admission!$1:$998,3,0),"") -> Day Scholar | F6: 850 | G6: 850 | H6: 850 | I6: 200 | J6: 850 | K6: 850 | L6: 850 | M6: 200 | N6: 850 | O6: 850 | P6: 850 | R6: 850 | S6: 850 | U6: 850
A7: 10 | B7: =IFERROR(VLOOKUP($A7,Admission!$1:$998,4,0),"") -> REHAN ALAM | C7: =IFERROR(VLOOKUP($A7,Admission!$1:$998,5,0),"") -> RABIUL ISLAM | D7: =IFERROR(VLOOKUP($A7,Admission!$1:$998,10,0),"") -> 9693028244 | E7: =IFERROR(VLOOKUP($A7,Admission!$1:$998,3,0),"") -> Hosteller | F7: 4200 | G7: 4200 | H7: 4200 | I7: 200 | J7: 4200 | K7: 4200 | L7: 4200 | M7: 200 | N7: 4200 | O7: 4200 | P7: 4200 | Q7: 200 | R7: 4200 | S7: 4200 | T7: 200 | U7: 4200
A8: 11 | B8: =IFERROR(VLOOKUP($A8,Admission!$1:$998,4,0),"") -> ABDUL QABEZ | C8: =IFERROR(VLOOKUP($A8,Admission!$1:$998,5,0),"") -> ABDUL QAHAR | D8: =IFERROR(VLOOKUP($A8,Admission!$1:$998,10,0),"") -> 9973967538 | E8: =IFERROR(VLOOKUP($A8,Admission!$1:$998,3,0),"") -> Day Scholar | F8: 850 | G8: 850 | H8: 850 | I8: 200 | J8: 850 | K8: 850 | L8: 850 | M8: 200 | N8: 850 | O8: 850 | P8: 850 | Q8: 200 | R8: 850 | S8: 850 | T8: 200 | U8: 850
A9: 12 | B9: =IFERROR(VLOOKUP($A9,Admission!$1:$998,4,0),"") -> FATEMA ROZI | C9: =IFERROR(VLOOKUP($A9,Admission!$1:$998,5,0),"") -> MD UMED ALI ANSARI | D9: =IFERROR(VLOOKUP($A9,Admission!$1:$998,10,0),"") -> 9643292878 | E9: =IFERROR(VLOOKUP($A9,Admission!$1:$998,3,0),"") -> Hosteller | F9: 4200 | G9: 4200 | H9: 4200 | I9: 200 | J9: 4200 | K9: 4200 | L9: 4200 | M9: 200 | N9: 4200 | O9: 4200 | P9: 4200 | Q9: 200 | R9: 4200 | S9: 4200 | T9: 200 | U9: 4200
A10: 14 | B10: =IFERROR(VLOOKUP($A10,Admission!$1:$998,4,0),"") -> MD KAISAR PARWEZ | C10: =IFERROR(VLOOKUP($A10,Admission!$1:$998,5,0),"") -> MD UMED ALI ANSARI | D10: =IFERROR(VLOOKUP($A10,Admission!$1:$998,10,0),"") -> 9643292878 | E10: =IFERROR(VLOOKUP($A10,Admission!$1:$998,3,0),"") -> Hosteller | F10: 4200 | G10: 4200 | H10: 4200 | I10: 200 | J10: 4200 | K10: 4200 | L10: 4200 | M10: 200 | N10: 4200 | O10: 4200 | P10: 4200 | Q10: 200 | R10: 4200 | S10: 4200 | T10: 200 | U10: 4200
A11: 23 | B11: =IFERROR(VLOOKUP($A11,Admission!$1:$998,4,0),"") -> MD.SAZID ANSARI | C11: =IFERROR(VLOOKUP($A11,Admission!$1:$998,5,0),"") -> MD.SAMSUL HOQUE ANSARI | D11: =IFERROR(VLOOKUP($A11,Admission!$1:$998,10,0),"") -> 9955459861 | E11: =IFERROR(VLOOKUP($A11,Admission!$1:$998,3,0),"") -> Hosteller | F11: 4200 | G11: 4200 | H11: 4200 | I11: 200 | J11: 4200 | K11: 4200 | L11: 4200 | M11: 200 | N11: 4200 | O11: 4200 | P11: 3200 | Q11: 200 | R11: 4200 | S11: 4200 | U11: 4200
A12: 43 | B12: =IFERROR(VLOOKUP($A12,Admission!$1:$998,4,0),"") -> SADIYA PARVIN | C12: =IFERROR(VLOOKUP($A12,Admission!$1:$998,5,0),"") -> SALAUDDIN SEKH | D12: =IFERROR(VLOOKUP($A12,Admission!$1:$998,10,0),"") -> 8802630534 | E12: =IFERROR(VLOOKUP($A12,Admission!$1:$998,3,0),"") -> Day Scholar | F12: 850 | G12: 850 | H12: 850 | J12: 850 | K12: 850 | L12: 850 | N12: 850 | O12: 850 | P12: 850 | R12: 850 | S12: 850 | U12: 850
A13: 72 | B13: =IFERROR(VLOOKUP($A13,Admission!$1:$998,4,0),"") -> KOYEL AKHTAR | C13: =IFERROR(VLOOKUP($A13,Admission!$1:$998,5,0),"") -> AKHTARUL ISLAM | D13: 9939125250 | E13: =IFERROR(VLOOKUP($A13,Admission!$1:$998,3,0),"") -> Hosteller | F13: 3800 | G13: 4200 | H13: 4200 | I13: 200 | J13: 4200 | K13: 4200 | L13: 4200 | M13: 200 | N13: 4200 | O13: 4200 | P13: 4200 | Q13: 200 | R13: 4200 | S13: 4200 | T13: 200 | U13: 4200
A14: 97 | B14: =IFERROR(VLOOKUP($A14,Admission!$1:$998,4,0),"") -> TAUKIR ALAM | C14: =IFERROR(VLOOKUP($A14,Admission!$1:$998,5,0),"") -> MD MAHBOOB ALAM | D14: =IFERROR(VLOOKUP($A14,Admission!$1:$998,10,0),"") -> 7766004567 | E14: =IFERROR(VLOOKUP($A14,Admission!$1:$998,3,0),"") -> Hosteller | F14: 0 | G14: 4200 | H14: 4200 | I14: 200 | J14: 4200 | K14: 4200 | L14: 4200 | M14: 200 | N14: 4200 | O14: 4200 | P14: 4200 | Q14: 200 | R14: 4200 | S14: 4200 | T14: 200
A15: 100 | B15: =IFERROR(VLOOKUP($A15,Admission!$1:$998,4,0),"") -> SAMIM ANSARI | C15: =IFERROR(VLOOKUP($A15,Admission!$1:$998,5,0),"") -> SHIS MD ANSARI | D15: =IFERROR(VLOOKUP($A15,Admission!$1:$998,10,0),"") -> 9939407497 | E15: =IFERROR(VLOOKUP($A15,Admission!$1:$998,3,0),"") -> Hosteller | F15: 0 | G15: 4200 | H15: 4200 | I15: 200 | J15: 4200 | K15: 4200 | L15: 4200 | M15: 200 | N15: 4200 | O15: 4200 | P15: 4200 | Q15: 200 | R15: 4200 | S15: 4200 | T15: 200 | U15: 4200
A16: 104 | B16: =IFERROR(VLOOKUP($A16,Admission!$1:$998,4,0),"") -> TAWHID ALAM | C16: =IFERROR(VLOOKUP($A16,Admission!$1:$998,5,0),"") -> ALAMGIR ALAM | D16: =IFERROR(VLOOKUP($A16,Admission!$1:$998,10,0),"") -> 8825394934 | E16: =IFERROR(VLOOKUP($A16,Admission!$1:$998,3,0),"") -> Hosteller | F16: 0 | G16: 4200 | H16: 4200 | J16: 4200 | K16: left | L16: left | M16: left | N16: left | O16: left | P16: left | Q16: left | R16: left | S16: left | T16: left | U16: left
A17: 106 | B17: =IFERROR(VLOOKUP($A17,Admission!$1:$998,4,0),"") -> AKMAL ANSARI | C17: =IFERROR(VLOOKUP($A17,Admission!$1:$998,5,0),"") -> AMIR HAMZA ANSARI | D17: =IFERROR(VLOOKUP($A17,Admission!$1:$998,10,0),"") -> 7366929565 | E17: =IFERROR(VLOOKUP($A17,Admission!$1:$998,3,0),"") -> Hosteller | F17: 0 | G17: 4200 | H17: 4200 | I17: 200 | J17: 4200 | K17: 4200 | L17: 4200 | M17: 200 | N17: 4200 | O17: 4200 | P17: 4200 | Q17: 200 | R17: 4200 | S17: 4200 | T17: 200 | U17: 4200
A18: 108 | B18: =IFERROR(VLOOKUP($A18,Admission!$1:$998,4,0),"") -> ARBAJ ANSARI | C18: =IFERROR(VLOOKUP($A18,Admission!$1:$998,5,0),"") -> TABARAK ANSARI | D18: =IFERROR(VLOOKUP($A18,Admission!$1:$998,10,0),"") -> 8340636663 | E18: =IFERROR(VLOOKUP($A18,Admission!$1:$998,3,0),"") -> Hosteller | F18: 4200 | G18: 4200 | H18: 4200 | I18: 200 | J18: 4200 | K18: 4200 | L18: 4200 | M18: 200 | N18: 4200 | O18: 4200
A19: 117 | B19: =IFERROR(VLOOKUP($A19,Admission!$1:$998,4,0),"") -> SAKIR ANSARI | C19: =IFERROR(VLOOKUP($A19,Admission!$1:$998,5,0),"") -> BAHARUDDIN ANSARI | D19: =IFERROR(VLOOKUP($A19,Admission!$1:$998,10,0),"") -> 7783066339 | E19: =IFERROR(VLOOKUP($A19,Admission!$1:$998,3,0),"") -> Hosteller | F19: 0 | G19: 4200 | H19: 4200 | I19: 200 | J19: 4200 | K19: 4200 | L19: 4200 | M19: 200 | N19: 4200 | O19: 4200 | P19: 4200 | Q19: 200 | R19: 4200 | S19: 4200 | T19: 200 | U19: 4200
A20: 122 | B20: =IFERROR(VLOOKUP($A20,Admission!$1:$998,4,0),"") -> RIFFAT PARWEEN | C20: =IFERROR(VLOOKUP($A20,Admission!$1:$998,5,0),"") -> MUNIRUZZAMAN | D20: =IFERROR(VLOOKUP($A20,Admission!$1:$998,10,0),"") -> 9631485208 | E20: =IFERROR(VLOOKUP($A20,Admission!$1:$998,3,0),"") -> Day Scholar | F20: 0 | G20: 850 | H20: 850 | J20: 850 | K20: 850 | L20: 850 | N20: 850 | O20: 850 | P20: 850 | Q20: 200 | R20: 850 | S20: 850
A21: 144 | B21: =IFERROR(VLOOKUP($A21,Admission!$1:$998,4,0),"") -> MD ALTAMAS | C21: =IFERROR(VLOOKUP($A21,Admission!$1:$998,5,0),"") -> MURSHID KHAN | D21: =IFERROR(VLOOKUP($A21,Admission!$1:$998,10,0),"") -> 7739555640 | E21: =IFERROR(VLOOKUP($A21,Admission!$1:$998,3,0),"") -> Hosteller | F21: 0 | G21: 4200 | H21: left | I21: left | J21: left | K21: left | L21: left | M21: left | N21: left | O21: left | P21: left | Q21: left | R21: left | S21: left | T21: left | U21: left
A22: 147 | B22: =IFERROR(VLOOKUP($A22,Admission!$1:$998,4,0),"") -> ABDUR RAHMAN | C22: =IFERROR(VLOOKUP($A22,Admission!$1:$998,5,0),"") -> HASHRUDDIN | D22: =IFERROR(VLOOKUP($A22,Admission!$1:$998,10,0),"") -> 9304050268 | E22: =IFERROR(VLOOKUP($A22,Admission!$1:$998,3,0),"") -> Hosteller | F22: 0 | G22: 0 | H22: 4200 | I22: 200 | J22: 4200 | K22: left | L22: left | M22: left | N22: left | O22: left | P22: left | Q22: left | R22: left | S22: left | T22: left | U22: left
A23: 154 | B23: =IFERROR(VLOOKUP($A23,Admission!$1:$998,4,0),"") -> NISAR AHMAD | C23: =IFERROR(VLOOKUP($A23,Admission!$1:$998,5,0),"") -> MD ITTEFAQUE | D23: =IFERROR(VLOOKUP($A23,Admission!$1:$998,10,0),"") -> 9546671826 | E23: =IFERROR(VLOOKUP($A23,Admission!$1:$998,3,0),"") -> Day Scholar | F23: 850 | G23: 850 | H23: 850 | I23: 200 | J23: 850 | K23: 850 | L23: 850 | M23: 200 | N23: 850 | O23: 850 | P23: 850 | Q23: 200 | R23: 850 | S23: 850 | T23: 200
A24: 35 | B24: =IFERROR(VLOOKUP($A24,Admission!$1:$998,4,0),"") -> ADIL JAMIL | C24: =IFERROR(VLOOKUP($A24,Admission!$1:$998,5,0),"") -> MD.SAGIRUZZAMAN | D24: =IFERROR(VLOOKUP($A24,Admission!$1:$998,10,0),"") -> 8434026070 | E24: =IFERROR(VLOOKUP($A24,Admission!$1:$998,3,0),"") -> Day Scholar | F24: 850 | G24: 850 | H24: 850 | I24: 200 | J24: 850 | K24: 850 | L24: 850 | M24: 200 | N24: 850 | O24: 850
B25: =IFERROR(VLOOKUP($A25,Admission!$1:$998,4,0),"") | C25: =IFERROR(VLOOKUP($A25,Admission!$1:$998,5,0),"") | D25: =IFERROR(VLOOKUP($A25,Admission!$1:$998,10,0),"") | E25: =IFERROR(VLOOKUP($A25,Admission!$1:$998,3,0),"")
B26: =IFERROR(VLOOKUP($A26,Admission!$1:$998,4,0),"") | C26: =IFERROR(VLOOKUP($A26,Admission!$1:$998,5,0),"") | D26: =IFERROR(VLOOKUP($A26,Admission!$1:$998,10,0),"") | E26: =IFERROR(VLOOKUP($A26,Admission!$1:$998,3,0),"")
B27: =IFERROR(VLOOKUP($A27,Admission!$1:$998,4,0),"") | C27: =IFERROR(VLOOKUP($A27,Admission!$1:$998,5,0),"") | D27: =IFERROR(VLOOKUP($A27,Admission!$1:$998,10,0),"") | E27: =IFERROR(VLOOKUP($A27,Admission!$1:$998,3,0),"")
B28: =IFERROR(VLOOKUP($A28,Admission!$1:$998,4,0),"") | C28: =IFERROR(VLOOKUP($A28,Admission!$1:$998,5,0),"") | D28: =IFERROR(VLOOKUP($A28,Admission!$1:$998,10,0),"") | E28: =IFERROR(VLOOKUP($A28,Admission!$1:$998,3,0),"")
B29: =IFERROR(VLOOKUP($A29,Admission!$1:$998,4,0),"") | C29: =IFERROR(VLOOKUP($A29,Admission!$1:$998,5,0),"") | D29: =IFERROR(VLOOKUP($A29,Admission!$1:$998,10,0),"") | E29: =IFERROR(VLOOKUP($A29,Admission!$1:$998,3,0),"")
B30: =IFERROR(VLOOKUP($A30,Admission!$1:$998,4,0),"") | C30: =IFERROR(VLOOKUP($A30,Admission!$1:$998,5,0),"") | D30: =IFERROR(VLOOKUP($A30,Admission!$1:$998,10,0),"") | E30: =IFERROR(VLOOKUP($A30,Admission!$1:$998,3,0),"")
B31: =IFERROR(VLOOKUP($A31,Admission!$1:$998,4,0),"") | C31: =IFERROR(VLOOKUP($A31,Admission!$1:$998,5,0),"") | D31: =IFERROR(VLOOKUP($A31,Admission!$1:$998,10,0),"") | E31: =IFERROR(VLOOKUP($A31,Admission!$1:$998,3,0),"")
B32: =IFERROR(VLOOKUP($A32,Admission!$1:$998,4,0),"") | C32: =IFERROR(VLOOKUP($A32,Admission!$1:$998,5,0),"") | D32: =IFERROR(VLOOKUP($A32,Admission!$1:$998,10,0),"") | E32: =IFERROR(VLOOKUP($A32,Admission!$1:$998,3,0),"")
B33: =IFERROR(VLOOKUP($A33,Admission!$1:$998,4,0),"") | C33: =IFERROR(VLOOKUP($A33,Admission!$1:$998,5,0),"") | D33: =IFERROR(VLOOKUP($A33,Admission!$1:$998,10,0),"") | E33: =IFERROR(VLOOKUP($A33,Admission!$1:$998,3,0),"")
B34: =IFERROR(VLOOKUP($A34,Admission!$1:$998,4,0),"") | C34: =IFERROR(VLOOKUP($A34,Admission!$1:$998,5,0),"") | D34: =IFERROR(VLOOKUP($A34,Admission!$1:$998,10,0),"") | E34: =IFERROR(VLOOKUP($A34,Admission!$1:$998,3,0),"")
B35: =IFERROR(VLOOKUP($A35,Admission!$1:$998,4,0),"") | C35: =IFERROR(VLOOKUP($A35,Admission!$1:$998,5,0),"") | D35: =IFERROR(VLOOKUP($A35,Admission!$1:$998,10,0),"") | E35: =IFERROR(VLOOKUP($A35,Admission!$1:$998,3,0),"")
B36: =IFERROR(VLOOKUP($A36,Admission!$1:$998,4,0),"") | C36: =IFERROR(VLOOKUP($A36,Admission!$1:$998,5,0),"") | D36: =IFERROR(VLOOKUP($A36,Admission!$1:$998,10,0),"") | E36: =IFERROR(VLOOKUP($A36,Admission!$1:$998,3,0),"")
... B43: =IFERROR(VLOOKUP($A43,Admission!$1:$998,4,0),"") | C43: =IFERROR(VLOOKUP($A43,Admission!$1:$998,5,0),"") | D43: =IFERROR(VLOOKUP($A43,Admission!$1:$998,10,0),"") | E43: =IFERROR(VLOOKUP($A43,Admission!$1:$998,3,0),"")
B44: =IFERROR(VLOOKUP($A44,Admission!$1:$998,4,0),"") | C44: =IFERROR(VLOOKUP($A44,Admission!$1:$998,5,0),"") | E44: =IFERROR(VLOOKUP($A44,Admission!$1:$998,3,0),"")
A45: 35 | B45: =IFERROR(VLOOKUP($A45,Admission!$1:$998,4,0),"") -> ADIL JAMIL | C45: =IFERROR(VLOOKUP($A45,Admission!$1:$998,5,0),"") -> MD.SAGIRUZZAMAN | D45: =IFERROR(VLOOKUP($A45,Admission!$1:$998,10,0),"") -> 8434026070 | E45: =IFERROR(VLOOKUP($A45,Admission!$1:$998,3,0),"") -> Day Scholar | F45: 850 | G45: 850 | H45: 850 | I45: 850 | J45: 850 | K45: 850 | L45: 850 | M45: 200 | N45: 850 | O45: 850
B46: =IFERROR(VLOOKUP($A46,Admission!$1:$998,4,0),"") | C46: =IFERROR(VLOOKUP($A46,Admission!$1:$998,5,0),"") | E46: =IFERROR(VLOOKUP($A46,Admission!$1:$998,3,0),"")
B47: =IFERROR(VLOOKUP($A47,Admission!$1:$998,4,0),"") | C47: =IFERROR(VLOOKUP($A47,Admission!$1:$998,5,0),"") | E47: =IFERROR(VLOOKUP($A47,Admission!$1:$998,3,0),"")
B48: =IFERROR(VLOOKUP($A48,Admission!$1:$998,4,0),"") | C48: =IFERROR(VLOOKUP($A48,Admission!$1:$998,5,0),"") | E48: =IFERROR(VLOOKUP($A48,Admission!$1:$998,3,0),"")
B49: =IFERROR(VLOOKUP($A49,Admission!$1:$998,4,0),"") | C49: =IFERROR(VLOOKUP($A49,Admission!$1:$998,5,0),"") | E49: =IFERROR(VLOOKUP($A49,Admission!$1:$998,3,0),"")
B50: =IFERROR(VLOOKUP($A50,Admission!$1:$998,4,0),"") | C50: =IFERROR(VLOOKUP($A50,Admission!$1:$998,5,0),"") | E50: =IFERROR(VLOOKUP($A50,Admission!$1:$998,3,0),"")
B51: =IFERROR(VLOOKUP($A51,Admission!$1:$998,4,0),"") | C51: =IFERROR(VLOOKUP($A51,Admission!$1:$998,5,0),"") | E51: =IFERROR(VLOOKUP($A51,Admission!$1:$998,3,0),"")
B52: =IFERROR(VLOOKUP($A52,Admission!$1:$998,4,0),"") | C52: =IFERROR(VLOOKUP($A52,Admission!$1:$998,5,0),"") | E52: =IFERROR(VLOOKUP($A52,Admission!$1:$998,3,0),"")
B53: =IFERROR(VLOOKUP($A53,Admission!$1:$998,4,0),"") | C53: =IFERROR(VLOOKUP($A53,Admission!$1:$998,5,0),"") | E53: =IFERROR(VLOOKUP($A53,Admission!$1:$998,3,0),"")
B54: =IFERROR(VLOOKUP($A54,Admission!$1:$998,4,0),"") | C54: =IFERROR(VLOOKUP($A54,Admission!$1:$998,5,0),"") | E54: =IFERROR(VLOOKUP($A54,Admission!$1:$998,3,0),"")
B55: =IFERROR(VLOOKUP($A55,Admission!$1:$998,4,0),"") | C55: =IFERROR(VLOOKUP($A55,Admission!$1:$998,5,0),"") | E55: =IFERROR(VLOOKUP($A55,Admission!$1:$998,3,0),"")
B56: =IFERROR(VLOOKUP($A56,Admission!$1:$998,4,0),"") | C56: =IFERROR(VLOOKUP($A56,Admission!$1:$998,5,0),"") | E56: =IFERROR(VLOOKUP($A56,Admission!$1:$998,3,0),"")
B57: =IFERROR(VLOOKUP($A57,Admission!$1:$998,4,0),"") | C57: =IFERROR(VLOOKUP($A57,Admission!$1:$998,5,0),"") | E57: =IFERROR(VLOOKUP($A57,Admission!$1:$998,3,0),"")
... B147: =IFERROR(VLOOKUP($A147,Admission!$1:$998,4,0),"") | C147: =IFERROR(VLOOKUP($A147,Admission!$1:$998,5,0),"") | E147: =IFERROR(VLOOKUP($A147,Admission!$1:$998,3,0),"")
E148: =IFERROR(VLOOKUP($A148,Admission!150:1145,3,0),"")
E149: =IFERROR(VLOOKUP($A149,Admission!151:1146,3,0),"")
E150: =IFERROR(VLOOKUP($A150,Admission!152:1147,3,0),"")
E151: =IFERROR(VLOOKUP($A151,Admission!153:1148,3,0),"")
E152: =IFERROR(VLOOKUP($A152,Admission!154:1149,3,0),"")
E153: =IFERROR(VLOOKUP($A153,Admission!155:1150,3,0),"")
E154: =IFERROR(VLOOKUP($A154,Admission!156:1151,3,0),"")
E155: =IFERROR(VLOOKUP($A155,Admission!157:1152,3,0),"")
E156: =IFERROR(VLOOKUP($A156,Admission!158:1153,3,0),"")
E157: =IFERROR(VLOOKUP($A157,Admission!159:1154,3,0),"")
E158: =IFERROR(VLOOKUP($A158,Admission!160:1155,3,0),"")
E159: =IFERROR(VLOOKUP($A159,Admission!161:1156,3,0),"")
E160: =IFERROR(VLOOKUP($A160,Admission!162:1157,3,0),"")
E161: =IFERROR(VLOOKUP($A161,Admission!163:1158,3,0),"")
E162: =IFERROR(VLOOKUP($A162,Admission!164:1159,3,0),"")
E163: =IFERROR(VLOOKUP($A163,Admission!165:1160,3,0),"")
E164: =IFERROR(VLOOKUP($A164,Admission!166:1161,3,0),"")
E165: =IFERROR(VLOOKUP($A165,Admission!167:1162,3,0),"")
E166: =IFERROR(VLOOKUP($A166,Admission!168:1163,3,0),"")
E167: =IFERROR(VLOOKUP($A167,Admission!169:1164,3,0),"")
E168: =IFERROR(VLOOKUP($A168,Admission!170:1165,3,0),"")
E169: =IFERROR(VLOOKUP($A169,Admission!171:1166,3,0),"")
E170: =IFERROR(VLOOKUP($A170,Admission!172:1167,3,0),"")
E171: =IFERROR(VLOOKUP($A171,Admission!173:1168,3,0),"")
E172: =IFERROR(VLOOKUP($A172,Admission!174:1169,3,0),"")
E173: =IFERROR(VLOOKUP($A173,Admission!175:1170,3,0),"")
E174: =IFERROR(VLOOKUP($A174,Admission!176:1171,3,0),"")
E175: =IFERROR(VLOOKUP($A175,Admission!177:1172,3,0),"")
E176: =IFERROR(VLOOKUP($A176,Admission!178:1173,3,0),"")
E177: =IFERROR(VLOOKUP($A177,Admission!178:1174,3,0),"")
E178: =IFERROR(VLOOKUP($A178,Admission!178:1175,3,0),"")
E179: =IFERROR(VLOOKUP($A179,Admission!178:1176,3,0),"")
E180: =IFERROR(VLOOKUP($A180,Admission!178:1177,3,0),"")
E181: =IFERROR(VLOOKUP($A181,Admission!179:1178,3,0),"")
E182: =IFERROR(VLOOKUP($A182,Admission!180:1179,3,0),"")
E183: =IFERROR(VLOOKUP($A183,Admission!181:1180,3,0),"")
E184: =IFERROR(VLOOKUP($A184,Admission!182:1181,3,0),"")
E185: =IFERROR(VLOOKUP($A185,Admission!183:1182,3,0),"")
E186: =IFERROR(VLOOKUP($A186,Admission!184:1183,3,0),"")
E187: =IFERROR(VLOOKUP($A187,Admission!181:1184,3,0),"")
E188: =IFERROR(VLOOKUP($A188,Admission!178:1185,3,0),"")
E189: =IFERROR(VLOOKUP($A189,Admission!179:1186,3,0),"")

Sheet VI
A1: Total Students | B1: Hosteller | C1: Day Scholar | E1: Overall Collection | F1: Monthly total fees collection
A2: =COUNT(A4:A363) -> 7 | B2: =COUNTIF($E$4:$E$189,B1) -> 5 | C2: =COUNTIF($E$4:$E$189,C1) -> 2 | E2: =SUM(F2:U2) -> 288200 | F2: =SUM(F$4:F$1001) -> 19850 | G2: =SUM(G$4:G$1001) -> 24350 | H2: =SUM(H$4:H$1001) -> 24500 | I2: =SUM(I3:I11) -> 1500 | J2: =SUM(J$4:J$1001) -> 24500 | K2: =SUM(K$4:K$1001) -> 24500 | L2: =SUM(L$4:L$1001) -> 24500 | M2: =SUM(M$4:M$1001) -> 1500 | N2: =SUM(N$4:N$1001) -> 24500 | O2: =SUM(O$4:O$1001) -> 24500 | P2: =SUM(P$4:P$1001) -> 23500 | Q2: =SUM(Q$4:Q$1001) -> 1000 | ... U2: =SUM(U$4:U$1001) -> 22500
A3: Ledger_No. | B3: Student_Name | C3: Father's name | D3: Phone no: | E3: Admission_Type | F3: Apr | G3: May | H3: Jun | I3: Exam | J3: Jul | K3: Aug | L3: Sep | M3: Exam Fee | N3: Oct | O3: Nov | P3: Dec | Q3: Exam Fee | R3: Jan | S3: Feb | T3: Exam Fee | U3: Mar
A4: 60 | B4: =IFERROR(VLOOKUP($A4,Admission!$1:$998,4,0),"") -> ABDUR RAIJAK | C4: =IFERROR(VLOOKUP($A4,Admission!$1:$998,5,0),"") -> MD RAYEES | D4: =IFERROR(VLOOKUP($A4,Admission!$1:$998,10,0),"") -> 8084727740 | E4: =IFERROR(VLOOKUP($A4,Admission!$1:$998,3,0),"") -> Hosteller | F4: 4500 | G4: 4500 | H4: 4500 | I4: 250 | J4: 4500 | K4: 4500 | L4: 4500 | M4: 250 | N4: 4500 | O4: 4500 | P4: 4500 | Q4: 250 | R4: 4500 | S4: 4500 | T4: 250 | U4: 4500
A5: 65 | B5: =IFERROR(VLOOKUP($A5,Admission!$1:$998,4,0),"") -> SAKIB AL HASAN | C5: =IFERROR(VLOOKUP($A5,Admission!$1:$998,5,0),"") -> ZAMIL AKHTAR | D5: =IFERROR(VLOOKUP($A5,Admission!$1:$998,10,0),"") -> 7903684660 | E5: =IFERROR(VLOOKUP($A5,Admission!$1:$998,3,0),"") -> Hosteller | F5: 4500 | G5: 4500 | H5: 4500 | I5: 250 | J5: 4500 | K5: 4500 | L5: 4500 | M5: 250 | N5: 4500 | O5: 4500 | P5: 4500 | Q5: 250 | R5: 4500 | S5: 4500 | T5: 250 | U5: 4500
A6: 71 | B6: =IFERROR(VLOOKUP($A6,Admission!$1:$998,4,0),"") -> DANISH ANSARI | C6: =IFERROR(VLOOKUP($A6,Admission!$1:$998,5,0),"") -> ABDUL HAMID ANSARI | D6: =IFERROR(VLOOKUP($A6,Admission!$1:$998,10,0),"") -> 9835842208 | E6: =IFERROR(VLOOKUP($A6,Admission!$1:$998,3,0),"") -> Hosteller | F6: 4500 | G6: 4500 | H6: 4500 | I6: 250 | J6: 4500 | K6: 4500 | L6: 4500 | M6: 250 | N6: 4500 | O6: 4500 | P6: 4500 | R6: 4500 | S6: 4500 | U6: 4500
A7: 89 | B7: =IFERROR(VLOOKUP($A7,Admission!$1:$998,4,0),"") -> NADIM SARFARAZ | C7: =IFERROR(VLOOKUP($A7,Admission!$1:$998,5,0),"") -> SAHDAT ANSARI | D7: =IFERROR(VLOOKUP($A7,Admission!$1:$998,10,0),"") -> 6204730680 | E7: =IFERROR(VLOOKUP($A7,Admission!$1:$998,3,0),"") -> Hosteller | F7: 0 | G7: 4500 | H7: 4500 | I7: 250 | J7: 4500 | K7: 4500 | L7: 4500 | M7: 250 | N7: 4500 | O7: 4500 | P7: 4500 | Q7: 250 | R7: 4500 | S7: 4500 | T7: 250 | U7: 4500
A8: 126 | B8: =IFERROR(VLOOKUP($A8,Admission!$1:$998,4,0),"") -> EJAJUL HAQUE | C8: =IFERROR(VLOOKUP($A8,Admission!$1:$998,5,0),"") -> SAIDUR SEKH | D8: =IFERROR(VLOOKUP($A8,Admission!$1:$998,10,0),"") -> 6203419771 | E8: =IFERROR(VLOOKUP($A8,Admission!$1:$998,3,0),"") -> Hosteller | F8: 4500 | G8: 4500 | H8: 4500 | I8: 250 | J8: 4500 | K8: 4500 | L8: 4500 | M8: 250 | N8: 4500 | O8: 4500 | P8: 4500 | Q8: 250 | R8: 4500 | S8: 4500 | T8: 250 | U8: 4500
A9: 77 | B9: =IFERROR(VLOOKUP($A9,Admission!$1:$998,4,0),"") -> SAHEBEJ HASAN | C9: =IFERROR(VLOOKUP($A9,Admission!$1:$998,5,0),"") -> HAVIBUR RAHAMAN | D9: =IFERROR(VLOOKUP($A9,Admission!$1:$998,10,0),"") -> 0 | E9: =IFERROR(VLOOKUP($A9,Admission!$1:$998,3,0),"") -> Day Scholar | F9: 1000 | G9: 1000 | H9: 1000 | I9: 250 | J9: 1000 | K9: 1000 | L9: 1000 | M9: 250 | N9: 1000 | O9: 1000 | P9: left | Q9: left | R9: left | S9: left | T9: left | U9: left
A10: 139 | B10: =IFERROR(VLOOKUP($A10,Admission!$1:$998,4,0),"") -> SHAIKH FIRDOUS ALAM | C10: =IFERROR(VLOOKUP($A10,Admission!$1:$998,5,0),"") -> MD FIROZ | D10: =IFERROR(VLOOKUP($A10,Admission!$1:$998,10,0),"") -> 6352783907 | E10: =IFERROR(VLOOKUP($A10,Admission!$1:$998,3,0),"") -> Day Scholar | F10: 850 | G10: 850 | H10: 1000 | J10: 1000 | K10: 1000 | L10: 1000 | N10: 1000 | O10: 1000 | P10: 1000 | R10: 1000
B11: =IFERROR(VLOOKUP($A11,Admission!$1:$998,4,0),"") | C11: =IFERROR(VLOOKUP($A11,Admission!$1:$998,5,0),"") | D11: =IFERROR(VLOOKUP($A11,Admission!$1:$998,10,0),"") | E11: =IFERROR(VLOOKUP($A11,Admission!$1:$998,3,0),"")
B12: =IFERROR(VLOOKUP($A12,Admission!$1:$998,4,0),"") | C12: =IFERROR(VLOOKUP($A12,Admission!$1:$998,5,0),"") | D12: =IFERROR(VLOOKUP($A12,Admission!$1:$998,10,0),"") | E12: =IFERROR(VLOOKUP($A12,Admission!$1:$998,3,0),"")
B13: =IFERROR(VLOOKUP($A13,Admission!$1:$998,4,0),"") | C13: =IFERROR(VLOOKUP($A13,Admission!$1:$998,5,0),"") | D13: =IFERROR(VLOOKUP($A13,Admission!$1:$998,10,0),"") | E13: =IFERROR(VLOOKUP($A13,Admission!$1:$998,3,0),"") | AF13: *
B14: =IFERROR(VLOOKUP($A14,Admission!$1:$998,4,0),"") | C14: =IFERROR(VLOOKUP($A14,Admission!$1:$998,5,0),"") | D14: =IFERROR(VLOOKUP($A14,Admission!$1:$998,10,0),"") | E14: =IFERROR(VLOOKUP($A14,Admission!$1:$998,3,0),"")
B15: =IFERROR(VLOOKUP($A15,Admission!$1:$998,4,0),"") | C15: =IFERROR(VLOOKUP($A15,Admission!$1:$998,5,0),"") | D15: =IFERROR(VLOOKUP($A15,Admission!$1:$998,10,0),"") | E15: =IFERROR(VLOOKUP($A15,Admission!$1:$998,3,0),"")
B16: =IFERROR(VLOOKUP($A16,Admission!$1:$998,4,0),"") | C16: =IFERROR(VLOOKUP($A16,Admission!$1:$998,5,0),"") | D16: =IFERROR(VLOOKUP($A16,Admission!$1:$998,10,0),"") | E16: =IFERROR(VLOOKUP($A16,Admission!$1:$998,3,0),"")
B17: =IFERROR(VLOOKUP($A17,Admission!$1:$998,4,0),"") | C17: =IFERROR(VLOOKUP($A17,Admission!$1:$998,5,0),"") | D17: =IFERROR(VLOOKUP($A17,Admission!$1:$998,10,0),"") | E17: =IFERROR(VLOOKUP($A17,Admission!$1:$998,3,0),"")
B18: =IFERROR(VLOOKUP($A18,Admission!$1:$998,4,0),"") | C18: =IFERROR(VLOOKUP($A18,Admission!$1:$998,5,0),"") | D18: =IFERROR(VLOOKUP($A18,Admission!$1:$998,10,0),"") | E18: =IFERROR(VLOOKUP($A18,Admission!$1:$998,3,0),"")
B19: =IFERROR(VLOOKUP($A19,Admission!$1:$998,4,0),"") | C19: =IFERROR(VLOOKUP($A19,Admission!$1:$998,5,0),"") | D19: =IFERROR(VLOOKUP($A19,Admission!$1:$998,10,0),"") | E19: =IFERROR(VLOOKUP($A19,Admission!$1:$998,3,0),"")
B20: =IFERROR(VLOOKUP($A20,Admission!$1:$998,4,0),"") | C20: =IFERROR(VLOOKUP($A20,Admission!$1:$998,5,0),"") | D20: =IFERROR(VLOOKUP($A20,Admission!$1:$998,10,0),"") | E20: =IFERROR(VLOOKUP($A20,Admission!$1:$998,3,0),"")
B21: =IFERROR(VLOOKUP($A21,Admission!$1:$998,4,0),"") | C21: =IFERROR(VLOOKUP($A21,Admission!$1:$998,5,0),"") | D21: =IFERROR(VLOOKUP($A21,Admission!$1:$998,10,0),"") | E21: =IFERROR(VLOOKUP($A21,Admission!$1:$998,3,0),"")
B22: =IFERROR(VLOOKUP($A22,Admission!$1:$998,4,0),"") | C22: =IFERROR(VLOOKUP($A22,Admission!$1:$998,5,0),"") | D22: =IFERROR(VLOOKUP($A22,Admission!$1:$998,10,0),"") | E22: =IFERROR(VLOOKUP($A22,Admission!$1:$998,3,0),"")
B23: =IFERROR(VLOOKUP($A23,Admission!$1:$998,4,0),"") | C23: =IFERROR(VLOOKUP($A23,Admission!$1:$998,5,0),"") | D23: =IFERROR(VLOOKUP($A23,Admission!$1:$998,10,0),"") | E23: =IFERROR(VLOOKUP($A23,Admission!$1:$998,3,0),"")
B24: =IFERROR(VLOOKUP($A24,Admission!$1:$998,4,0),"") | C24: =IFERROR(VLOOKUP($A24,Admission!$1:$998,5,0),"") | D24: =IFERROR(VLOOKUP($A24,Admission!$1:$998,10,0),"") | E24: =IFERROR(VLOOKUP($A24,Admission!$1:$998,3,0),"")
B25: =IFERROR(VLOOKUP($A25,Admission!$1:$998,4,0),"") | C25: =IFERROR(VLOOKUP($A25,Admission!$1:$998,5,0),"") | D25: =IFERROR(VLOOKUP($A25,Admission!$1:$998,10,0),"") | E25: =IFERROR(VLOOKUP($A25,Admission!$1:$998,3,0),"")
... B44: =IFERROR(VLOOKUP($A44,Admission!$1:$998,4,0),"") | C44: =IFERROR(VLOOKUP($A44,Admission!$1:$998,5,0),"") | D44: =IFERROR(VLOOKUP($A44,Admission!$1:$998,10,0),"") | E44: =IFERROR(VLOOKUP($A44,Admission!$1:$998,3,0),"")
B45: =IFERROR(VLOOKUP($A45,Admission!$1:$998,4,0),"") | C45: =IFERROR(VLOOKUP($A45,Admission!$1:$998,5,0),"") | E45: =IFERROR(VLOOKUP($A45,Admission!$1:$998,3,0),"")
B46: =IFERROR(VLOOKUP($A46,Admission!$1:$998,4,0),"") | C46: =IFERROR(VLOOKUP($A46,Admission!$1:$998,5,0),"") | E46: =IFERROR(VLOOKUP($A46,Admission!$1:$998,3,0),"")
B47: =IFERROR(VLOOKUP($A47,Admission!$1:$998,4,0),"") | C47: =IFERROR(VLOOKUP($A47,Admission!$1:$998,5,0),"") | E47: =IFERROR(VLOOKUP($A47,Admission!$1:$998,3,0),"")
B48: =IFERROR(VLOOKUP($A48,Admission!$1:$998,4,0),"") | C48: =IFERROR(VLOOKUP($A48,Admission!$1:$998,5,0),"") | E48: =IFERROR(VLOOKUP($A48,Admission!$1:$998,3,0),"")
B49: =IFERROR(VLOOKUP($A49,Admission!$1:$998,4,0),"") | C49: =IFERROR(VLOOKUP($A49,Admission!$1:$998,5,0),"") | E49: =IFERROR(VLOOKUP($A49,Admission!$1:$998,3,0),"")
B50: =IFERROR(VLOOKUP($A50,Admission!$1:$998,4,0),"") | C50: =IFERROR(VLOOKUP($A50,Admission!$1:$998,5,0),"") | E50: =IFERROR(VLOOKUP($A50,Admission!$1:$998,3,0),"")
B51: =IFERROR(VLOOKUP($A51,Admission!$1:$998,4,0),"") | C51: =IFERROR(VLOOKUP($A51,Admission!$1:$998,5,0),"") | E51: =IFERROR(VLOOKUP($A51,Admission!$1:$998,3,0),"")
B52: =IFERROR(VLOOKUP($A52,Admission!$1:$998,4,0),"") | C52: =IFERROR(VLOOKUP($A52,Admission!$1:$998,5,0),"") | E52: =IFERROR(VLOOKUP($A52,Admission!$1:$998,3,0),"")
B53: =IFERROR(VLOOKUP($A53,Admission!$1:$998,4,0),"") | C53: =IFERROR(VLOOKUP($A53,Admission!$1:$998,5,0),"") | E53: =IFERROR(VLOOKUP($A53,Admission!$1:$998,3,0),"")
B54: =IFERROR(VLOOKUP($A54,Admission!$1:$998,4,0),"") | C54: =IFERROR(VLOOKUP($A54,Admission!$1:$998,5,0),"") | E54: =IFERROR(VLOOKUP($A54,Admission!$1:$998,3,0),"")
B55: =IFERROR(VLOOKUP($A55,Admission!$1:$998,4,0),"") | C55: =IFERROR(VLOOKUP($A55,Admission!$1:$998,5,0),"") | E55: =IFERROR(VLOOKUP($A55,Admission!$1:$998,3,0),"")
B56: =IFERROR(VLOOKUP($A56,Admission!$1:$998,4,0),"") | C56: =IFERROR(VLOOKUP($A56,Admission!$1:$998,5,0),"") | E56: =IFERROR(VLOOKUP($A56,Admission!$1:$998,3,0),"")
... B147: =IFERROR(VLOOKUP($A147,Admission!$1:$998,4,0),"") | C147: =IFERROR(VLOOKUP($A147,Admission!$1:$998,5,0),"") | E147: =IFERROR(VLOOKUP($A147,Admission!$1:$998,3,0),"")
E148: =IFERROR(VLOOKUP($A148,Admission!150:1145,3,0),"")
E149: =IFERROR(VLOOKUP($A149,Admission!151:1146,3,0),"")
E150: =IFERROR(VLOOKUP($A150,Admission!152:1147,3,0),"")
E151: =IFERROR(VLOOKUP($A151,Admission!153:1148,3,0),"")
E152: =IFERROR(VLOOKUP($A152,Admission!154:1149,3,0),"")
E153: =IFERROR(VLOOKUP($A153,Admission!155:1150,3,0),"")
E154: =IFERROR(VLOOKUP($A154,Admission!156:1151,3,0),"")
E155: =IFERROR(VLOOKUP($A155,Admission!157:1152,3,0),"")
E156: =IFERROR(VLOOKUP($A156,Admission!158:1153,3,0),"")
E157: =IFERROR(VLOOKUP($A157,Admission!159:1154,3,0),"")
E158: =IFERROR(VLOOKUP($A158,Admission!160:1155,3,0),"")
E159: =IFERROR(VLOOKUP($A159,Admission!161:1156,3,0),"")
E160: =IFERROR(VLOOKUP($A160,Admission!162:1157,3,0),"")
E161: =IFERROR(VLOOKUP($A161,Admission!163:1158,3,0),"")
E162: =IFERROR(VLOOKUP($A162,Admission!164:1159,3,0),"")
E163: =IFERROR(VLOOKUP($A163,Admission!165:1160,3,0),"")
E164: =IFERROR(VLOOKUP($A164,Admission!166:1161,3,0),"")
E165: =IFERROR(VLOOKUP($A165,Admission!167:1162,3,0),"")
E166: =IFERROR(VLOOKUP($A166,Admission!168:1163,3,0),"")
E167: =IFERROR(VLOOKUP($A167,Admission!169:1164,3,0),"")
E168: =IFERROR(VLOOKUP($A168,Admission!170:1165,3,0),"")
E169: =IFERROR(VLOOKUP($A169,Admission!171:1166,3,0),"")
E170: =IFERROR(VLOOKUP($A170,Admission!172:1167,3,0),"")
E171: =IFERROR(VLOOKUP($A171,Admission!173:1168,3,0),"")
E172: =IFERROR(VLOOKUP($A172,Admission!174:1169,3,0),"")
E173: =IFERROR(VLOOKUP($A173,Admission!175:1170,3,0),"")
E174: =IFERROR(VLOOKUP($A174,Admission!176:1171,3,0),"")
E175: =IFERROR(VLOOKUP($A175,Admission!177:1172,3,0),"")
E176: =IFERROR(VLOOKUP($A176,Admission!178:1173,3,0),"")
E177: =IFERROR(VLOOKUP($A177,Admission!178:1174,3,0),"")
E178: =IFERROR(VLOOKUP($A178,Admission!178:1175,3,0),"")
E179: =IFERROR(VLOOKUP($A179,Admission!178:1176,3,0),"")
E180: =IFERROR(VLOOKUP($A180,Admission!178:1177,3,0),"")
E181: =IFERROR(VLOOKUP($A181,Admission!179:1178,3,0),"")
E182: =IFERROR(VLOOKUP($A182,Admission!180:1179,3,0),"")
E183: =IFERROR(VLOOKUP($A183,Admission!181:1180,3,0),"")
E184: =IFERROR(VLOOKUP($A184,Admission!182:1181,3,0),"")
E185: =IFERROR(VLOOKUP($A185,Admission!183:1182,3,0),"")
E186: =IFERROR(VLOOKUP($A186,Admission!184:1183,3,0),"")
E187: =IFERROR(VLOOKUP($A187,Admission!181:1184,3,0),"")
E188: =IFERROR(VLOOKUP($A188,Admission!178:1185,3,0),"")
E189: =IFERROR(VLOOKUP($A189,Admission!179:1186,3,0),"")

Sheet VII
A1: Total Students | B1: Hosteller | C1: Day Scholar | E1: Overall Collection | F1: Monthly total fees collection
A2: =COUNT(A4:A366) -> 11 | B2: =COUNTIF($E$4:$E$192,B1) -> 5 | C2: =COUNTIF($E$4:$E$192,C1) -> 6 | E2: =SUM(F2:U2) -> 273350 | F2: =SUM(F$4:F$1002) -> 24000 | G2: =SUM(G$4:G$1002) -> 24000 | H2: =SUM(H$4:H$1002) -> 24000 | I2: =SUM(I$4:I$1002) -> 2700 | J2: =SUM(J$4:J$1002) -> 24000 | K2: =SUM(K$4:K$1002) -> 24000 | L2: =SUM(L$4:L$1002) -> 27500 | M2: =SUM(M$4:M$1002) -> 1800 | ... U2: =SUM(U$4:U$1002) -> 11000
A3: Ledger_No. | B3: Student_Name | C3: Father's name | D3: Phone no: | E3: Admission_Type | F3: Apr | G3: May | H3: Jun | I3: Exam | J3: Jul | K3: Aug | L3: Sep | M3: Exam Fee | N3: Oct | O3: Nov | P3: Dec | Q3: Exam Fee | R3: Jan | S3: Feb | T3: Exam Fee | U3: Mar
A4: 9 | B4: =IFERROR(VLOOKUP($A4,Admission!$1:$998,4,0),"") -> NAGMA TABASSUM | C4: =IFERROR(VLOOKUP($A4,Admission!$1:$998,5,0),"") -> MOJIBUR RAHMAN | D4: =IFERROR(VLOOKUP($A4,Admission!$1:$998,10,0),"") -> 9523145415 | E4: =IFERROR(VLOOKUP($A4,Admission!$1:$998,3,0),"") -> Hosteller | F4: 1000 | G4: 1000 | H4: 1000 | I4: 300 | J4: 1000 | K4: 1000 | L4: 4500 | N4: 4500 | O4: 4500 | P4: 4500 | Q4: left | R4: left | S4: left | T4: left | U4: left
A5: 17 | B5: =IFERROR(VLOOKUP($A5,Admission!$1:$998,4,0),"") -> MERAJ RABBANI | C5: =IFERROR(VLOOKUP($A5,Admission!$1:$998,5,0),"") -> EKRAMUL HOQUE | D5: =IFERROR(VLOOKUP($A5,Admission!$1:$998,10,0),"") -> 8521460385 | E5: =IFERROR(VLOOKUP($A5,Admission!$1:$998,3,0),"") -> Hosteller | F5: 4500 | G5: 4500 | H5: 4500 | I5: 300 | J5: 4500 | K5: 4500 | L5: 4500 | M5: 300 | N5: 4500 | O5: 4500 | P5: 4500 | Q5: 300 | R5: 4500 | S5: 4500 | T5: left | U5: left
A6: 33 | B6: ARMAN IKBAL | C6: =IFERROR(VLOOKUP($A6,Admission!$1:$998,5,0),"") -> ANWAR ALAM | D6: =IFERROR(VLOOKUP($A6,Admission!$1:$998,10,0),"") -> 6201472350 | E6: =IFERROR(VLOOKUP($A6,Admission!$1:$998,3,0),"") -> Day Scholar | F6: 1000 | G6: 1000 | H6: 1000 | I6: 300 | J6: 1000 | K6: 1000 | L6: 1000 | M6: 300 | N6: 1000 | O6: 1000 | P6: 1000 | Q6: 300 | R6: 1000 | S6: left | T6: left | U6: left
A7: 39 | B7: =IFERROR(VLOOKUP($A7,Admission!$1:$998,4,0),"") -> NAJIJA PARWEEN | C7: =IFERROR(VLOOKUP($A7,Admission!$1:$998,5,0),"") -> HAJIKUL ALAM | D7: =IFERROR(VLOOKUP($A7,Admission!$1:$998,10,0),"") -> 8084078810 | E7: =IFERROR(VLOOKUP($A7,Admission!$1:$998,3,0),"") -> Day Scholar | F7: 1000 | G7: 1000 | H7: 1000 | I7: 300 | J7: 1000 | K7: 1000 | L7: 1000 | M7: 300 | N7: 1000 | O7: 1000 | P7: 1000 | Q7: 300 | R7: 1000 | S7: 1000 | T7: 300 | U7: 1000
A8: 51 | B8: =IFERROR(VLOOKUP($A8,Admission!$1:$998,4,0),"") -> MD AKRAM | C8: =IFERROR(VLOOKUP($A8,Admission!$1:$998,5,0),"") -> MD BASHARAT | D8: =IFERROR(VLOOKUP($A8,Admission!$1:$998,10,0),"") -> 8521887277 | E8: =IFERROR(VLOOKUP($A8,Admission!$1:$998,3,0),"") -> Hosteller | F8: 4500 | G8: 4500 | H8: 4500 | J8: 4500 | K8: 4500 | L8: 4500 | N8: 4500 | O8: 4500 | P8: 4500 | R8: 4500 | S8: 4500 | U8: 4500
A9: 59 | B9: =IFERROR(VLOOKUP($A9,Admission!$1:$998,4,0),"") -> ABDUR RAHMAN | C9: =IFERROR(VLOOKUP($A9,Admission!$1:$998,5,0),"") -> MD RAYEES | D9: =IFERROR(VLOOKUP($A9,Admission!$1:$998,10,0),"") -> 8084727740 | E9: =IFERROR(VLOOKUP($A9,Admission!$1:$998,3,0),"") -> Hosteller | F9: 4500 | G9: 4500 | H9: 4500 | I9: 300 | J9: 4500 | K9: 4500 | L9: 4500 | M9: 300 | N9: 4500 | O9: 4500 | P9: 450 | Q9: 300 | R9: 4500 | S9: 4500 | T9: 300 | U9: 4500
A10: 99 | B10: =IFERROR(VLOOKUP($A10,Admission!$1:$998,4,0),"") -> NURSABA KHATUN | C10: =IFERROR(VLOOKUP($A10,Admission!$1:$998,5,0),"") -> MOTIUR RAHMAN | D10: =IFERROR(VLOOKUP($A10,Admission!$1:$998,10,0),"") -> 7481895118 | E10: =IFERROR(VLOOKUP($A10,Admission!$1:$998,3,0),"") -> Day Scholar | F10: left | G10: left | H10: left | I10: left | J10: left | K10: left | L10: left | M10: left | N10: left | O10: left | P10: left | Q10: left | R10: left | S10: left | T10: left | U10: left
A11: 58 | B11: =IFERROR(VLOOKUP($A11,Admission!$1:$998,4,0),"") -> ATIF SAMSH | C11: =IFERROR(VLOOKUP($A11,Admission!$1:$998,5,0),"") -> MD SAMSUL HAQUE | D11: =IFERROR(VLOOKUP($A11,Admission!$1:$998,10,0),"") -> 9771614663 | E11: =IFERROR(VLOOKUP($A11,Admission!$1:$998,3,0),"") -> Day Scholar | F11: 1000 | G11: 1000 | H11: 1000 | I11: 300 | J11: 1000 | K11: 1000 | L11: 1000 | N11: 1000 | O11: 1000 | P11: 1000 | R11: 1000 | S11: 1000 | T11: left | U11: left
A12: 125 | B12: =IFERROR(VLOOKUP($A12,Admission!$1:$998,4,0),"") -> SAHBAJ ANSARI | C12: =IFERROR(VLOOKUP($A12,Admission!$1:$998,5,0),"") -> MOHIBUL ANSARI | D12: =IFERROR(VLOOKUP($A12,Admission!$1:$998,10,0),"") -> 8340537486 | E12: =IFERROR(VLOOKUP($A12,Admission!$1:$998,3,0),"") -> Hosteller | F12: 4500 | G12: 4500 | H12: 4500 | I12: 300 | J12: 4500 | K12: 4500 | L12: 4500 | M12: 300 | N12: 4500 | O12: 4500
A13: 145 | B13: =IFERROR(VLOOKUP($A13,Admission!$1:$998,4,0),"") -> SABA KARIM | C13: =IFERROR(VLOOKUP($A13,Admission!$1:$998,5,0),"") -> FARHAD HUSSAIN | D13: =IFERROR(VLOOKUP($A13,Admission!$1:$998,10,0),"") -> 7739445488 | E13: =IFERROR(VLOOKUP($A13,Admission!$1:$998,3,0),"") -> Day Scholar | F13: 1000 | G13: 1000 | H13: 1000 | I13: 300 | J13: 1000 | K13: 1000 | L13: 1000 | M13: 300 | N13: 1000 | O13: 1000 | P13: 1000 | Q13: 300 | R13: 1000 | S13: 1000 | T13: 300 | U13: 1000
A14: 162 | B14: =IFERROR(VLOOKUP($A14,Admission!$1:$998,4,0),"") -> JUNAID AKHTAR | C14: =IFERROR(VLOOKUP($A14,Admission!$1:$998,5,0),"") -> SHAMIM AKHTAR | D14: =IFERROR(VLOOKUP($A14,Admission!$1:$998,10,0),"") -> 8084828089 | E14: =IFERROR(VLOOKUP($A14,Admission!$1:$998,3,0),"") -> Day Scholar | F14: 1000 | G14: 1000 | H14: 1000 | I14: 300 | J14: 1000 | K14: 1000 | L14: 1000 | N14: 1000 | O14: 1000 | P14: 1000 | Q14: left | R14: left | S14: left | T14: left | U14: left
B15: =IFERROR(VLOOKUP($A15,Admission!$1:$998,4,0),"") | C15: =IFERROR(VLOOKUP($A15,Admission!$1:$998,5,0),"") | D15: =IFERROR(VLOOKUP($A15,Admission!$1:$998,10,0),"") | E15: =IFERROR(VLOOKUP($A15,Admission!$1:$998,3,0),"")
B16: =IFERROR(VLOOKUP($A16,Admission!$1:$998,4,0),"") | C16: =IFERROR(VLOOKUP($A16,Admission!$1:$998,5,0),"") | D16: =IFERROR(VLOOKUP($A16,Admission!$1:$998,10,0),"") | E16: =IFERROR(VLOOKUP($A16,Admission!$1:$998,3,0),"")
B17: =IFERROR(VLOOKUP($A17,Admission!$1:$998,4,0),"") | C17: =IFERROR(VLOOKUP($A17,Admission!$1:$998,5,0),"") | D17: =IFERROR(VLOOKUP($A17,Admission!$1:$998,10,0),"") | E17: =IFERROR(VLOOKUP($A17,Admission!$1:$998,3,0),"")
B18: =IFERROR(VLOOKUP($A18,Admission!$1:$998,4,0),"") | C18: =IFERROR(VLOOKUP($A18,Admission!$1:$998,5,0),"") | D18: =IFERROR(VLOOKUP($A18,Admission!$1:$998,10,0),"") | E18: =IFERROR(VLOOKUP($A18,Admission!$1:$998,3,0),"")
B19: =IFERROR(VLOOKUP($A19,Admission!$1:$998,4,0),"") | C19: =IFERROR(VLOOKUP($A19,Admission!$1:$998,5,0),"") | D19: =IFERROR(VLOOKUP($A19,Admission!$1:$998,10,0),"") | E19: =IFERROR(VLOOKUP($A19,Admission!$1:$998,3,0),"")
B20: =IFERROR(VLOOKUP($A20,Admission!$1:$998,4,0),"") | C20: =IFERROR(VLOOKUP($A20,Admission!$1:$998,5,0),"") | D20: =IFERROR(VLOOKUP($A20,Admission!$1:$998,10,0),"") | E20: =IFERROR(VLOOKUP($A20,Admission!$1:$998,3,0),"")
B21: =IFERROR(VLOOKUP($A21,Admission!$1:$998,4,0),"") | C21: =IFERROR(VLOOKUP($A21,Admission!$1:$998,5,0),"") | D21: =IFERROR(VLOOKUP($A21,Admission!$1:$998,10,0),"") | E21: =IFERROR(VLOOKUP($A21,Admission!$1:$998,3,0),"")
B22: =IFERROR(VLOOKUP($A22,Admission!$1:$998,4,0),"") | C22: =IFERROR(VLOOKUP($A22,Admission!$1:$998,5,0),"") | D22: =IFERROR(VLOOKUP($A22,Admission!$1:$998,10,0),"") | E22: =IFERROR(VLOOKUP($A22,Admission!$1:$998,3,0),"")
B23: =IFERROR(VLOOKUP($A23,Admission!$1:$998,4,0),"") | C23: =IFERROR(VLOOKUP($A23,Admission!$1:$998,5,0),"") | D23: =IFERROR(VLOOKUP($A23,Admission!$1:$998,10,0),"") | E23: =IFERROR(VLOOKUP($A23,Admission!$1:$998,3,0),"")
B24: =IFERROR(VLOOKUP($A24,Admission!$1:$998,4,0),"") | C24: =IFERROR(VLOOKUP($A24,Admission!$1:$998,5,0),"") | D24: =IFERROR(VLOOKUP($A24,Admission!$1:$998,10,0),"") | E24: =IFERROR(VLOOKUP($A24,Admission!$1:$998,3,0),"")
B25: =IFERROR(VLOOKUP($A25,Admission!$1:$998,4,0),"") | C25: =IFERROR(VLOOKUP($A25,Admission!$1:$998,5,0),"") | D25: =IFERROR(VLOOKUP($A25,Admission!$1:$998,10,0),"") | E25: =IFERROR(VLOOKUP($A25,Admission!$1:$998,3,0),"")
B26: =IFERROR(VLOOKUP($A26,Admission!$1:$998,4,0),"") | C26: =IFERROR(VLOOKUP($A26,Admission!$1:$998,5,0),"") | E26: =IFERROR(VLOOKUP($A26,Admission!$1:$998,3,0),"")
B27: =IFERROR(VLOOKUP($A27,Admission!$1:$998,4,0),"") | C27: =IFERROR(VLOOKUP($A27,Admission!$1:$998,5,0),"") | E27: =IFERROR(VLOOKUP($A27,Admission!$1:$998,3,0),"")
B28: =IFERROR(VLOOKUP($A28,Admission!$1:$998,4,0),"") | C28: =IFERROR(VLOOKUP($A28,Admission!$1:$998,5,0),"") | E28: =IFERROR(VLOOKUP($A28,Admission!$1:$998,3,0),"")
B29: =IFERROR(VLOOKUP($A29,Admission!$1:$998,4,0),"") | C29: =IFERROR(VLOOKUP($A29,Admission!$1:$998,5,0),"") | E29: =IFERROR(VLOOKUP($A29,Admission!$1:$998,3,0),"")
B30: =IFERROR(VLOOKUP($A30,Admission!$1:$998,4,0),"") | C30: =IFERROR(VLOOKUP($A30,Admission!$1:$998,5,0),"") | E30: =IFERROR(VLOOKUP($A30,Admission!$1:$998,3,0),"")
B31: =IFERROR(VLOOKUP($A31,Admission!$1:$998,4,0),"") | C31: =IFERROR(VLOOKUP($A31,Admission!$1:$998,5,0),"") | E31: =IFERROR(VLOOKUP($A31,Admission!$1:$998,3,0),"")
B32: =IFERROR(VLOOKUP($A32,Admission!$1:$998,4,0),"") | C32: =IFERROR(VLOOKUP($A32,Admission!$1:$998,5,0),"") | E32: =IFERROR(VLOOKUP($A32,Admission!$1:$998,3,0),"")
B33: =IFERROR(VLOOKUP($A33,Admission!$1:$998,4,0),"") | C33: =IFERROR(VLOOKUP($A33,Admission!$1:$998,5,0),"") | E33: =IFERROR(VLOOKUP($A33,Admission!$1:$998,3,0),"")
B34: =IFERROR(VLOOKUP($A34,Admission!$1:$998,4,0),"") | C34: =IFERROR(VLOOKUP($A34,Admission!$1:$998,5,0),"") | E34: =IFERROR(VLOOKUP($A34,Admission!$1:$998,3,0),"")
B35: =IFERROR(VLOOKUP($A35,Admission!$1:$998,4,0),"") | C35: =IFERROR(VLOOKUP($A35,Admission!$1:$998,5,0),"") | E35: =IFERROR(VLOOKUP($A35,Admission!$1:$998,3,0),"")
B36: =IFERROR(VLOOKUP($A36,Admission!$1:$998,4,0),"") | C36: =IFERROR(VLOOKUP($A36,Admission!$1:$998,5,0),"") | E36: =IFERROR(VLOOKUP($A36,Admission!$1:$998,3,0),"")
B37: =IFERROR(VLOOKUP($A37,Admission!$1:$998,4,0),"") | C37: =IFERROR(VLOOKUP($A37,Admission!$1:$998,5,0),"") | E37: =IFERROR(VLOOKUP($A37,Admission!$1:$998,3,0),"")
... B150: =IFERROR(VLOOKUP($A150,Admission!$1:$998,4,0),"") | C150: =IFERROR(VLOOKUP($A150,Admission!$1:$998,5,0),"") | E150: =IFERROR(VLOOKUP($A150,Admission!$1:$998,3,0),"")
E151: =IFERROR(VLOOKUP($A151,Admission!150:1145,3,0),"")
E152: =IFERROR(VLOOKUP($A152,Admission!151:1146,3,0),"")
E153: =IFERROR(VLOOKUP($A153,Admission!152:1147,3,0),"")
E154: =IFERROR(VLOOKUP($A154,Admission!153:1148,3,0),"")
E155: =IFERROR(VLOOKUP($A155,Admission!154:1149,3,0),"")
E156: =IFERROR(VLOOKUP($A156,Admission!155:1150,3,0),"")
E157: =IFERROR(VLOOKUP($A157,Admission!156:1151,3,0),"")
E158: =IFERROR(VLOOKUP($A158,Admission!157:1152,3,0),"")
E159: =IFERROR(VLOOKUP($A159,Admission!158:1153,3,0),"")
E160: =IFERROR(VLOOKUP($A160,Admission!159:1154,3,0),"")
E161: =IFERROR(VLOOKUP($A161,Admission!160:1155,3,0),"")
E162: =IFERROR(VLOOKUP($A162,Admission!161:1156,3,0),"")
E163: =IFERROR(VLOOKUP($A163,Admission!162:1157,3,0),"")
E164: =IFERROR(VLOOKUP($A164,Admission!163:1158,3,0),"")
E165: =IFERROR(VLOOKUP($A165,Admission!164:1159,3,0),"")
E166: =IFERROR(VLOOKUP($A166,Admission!165:1160,3,0),"")
E167: =IFERROR(VLOOKUP($A167,Admission!166:1161,3,0),"")
E168: =IFERROR(VLOOKUP($A168,Admission!167:1162,3,0),"")
E169: =IFERROR(VLOOKUP($A169,Admission!168:1163,3,0),"")
E170: =IFERROR(VLOOKUP($A170,Admission!169:1164,3,0),"")
E171: =IFERROR(VLOOKUP($A171,Admission!170:1165,3,0),"")
E172: =IFERROR(VLOOKUP($A172,Admission!171:1166,3,0),"")
E173: =IFERROR(VLOOKUP($A173,Admission!172:1167,3,0),"")
E174: =IFERROR(VLOOKUP($A174,Admission!173:1168,3,0),"")
E175: =IFERROR(VLOOKUP($A175,Admission!174:1169,3,0),"")
E176: =IFERROR(VLOOKUP($A176,Admission!175:1170,3,0),"")
E177: =IFERROR(VLOOKUP($A177,Admission!176:1171,3,0),"")
E178: =IFERROR(VLOOKUP($A178,Admission!177:1172,3,0),"")
E179: =IFERROR(VLOOKUP($A179,Admission!178:1173,3,0),"")
E180: =IFERROR(VLOOKUP($A180,Admission!178:1174,3,0),"")
E181: =IFERROR(VLOOKUP($A181,Admission!178:1175,3,0),"")
E182: =IFERROR(VLOOKUP($A182,Admission!178:1176,3,0),"")
E183: =IFERROR(VLOOKUP($A183,Admission!178:1177,3,0),"")
E184: =IFERROR(VLOOKUP($A184,Admission!179:1178,3,0),"")
E185: =IFERROR(VLOOKUP($A185,Admission!180:1179,3,0),"")
E186: =IFERROR(VLOOKUP($A186,Admission!181:1180,3,0),"")
E187: =IFERROR(VLOOKUP($A187,Admission!182:1181,3,0),"")
E188: =IFERROR(VLOOKUP($A188,Admission!183:1182,3,0),"")
E189: =IFERROR(VLOOKUP($A189,Admission!184:1183,3,0),"")
E190: =IFERROR(VLOOKUP($A190,Admission!181:1184,3,0),"")
E191: =IFERROR(VLOOKUP($A191,Admission!178:1185,3,0),"")
E192: =IFERROR(VLOOKUP($A192,Admission!179:1186,3,0),"")

Sheet V
A1: k0 | B1: Hosteller | C1: Day Scholar | E1: Overall Collection | F1: Monthly total fees collection
A2: =COUNT(A4:A364) -> 15 | B2: =COUNTIF($E$4:$E$190,B1) -> 13 | C2: =COUNTIF($E$4:$E$190,C1) -> 3 | E2: =SUM(F2:U2) -> 596080 | F2: =SUM(F$4:F$1000) -> 36150 | G2: =SUM(G$4:G$1000) -> 44550 | H2: =SUM(H$4:H$1000) -> 48750 | I2: =SUM(I4:I29) -> 3000 | J2: =SUM(J$4:J$1000) -> 48750 | K2: =SUM(K$4:K$1000) -> 48750 | L2: =SUM(L$4:L$1000) -> 47900 | M2: =SUM(M$4:M$1000) -> 2500 | N2: =SUM(N$4:N$1000) -> 47900 | O2: =SUM(O$4:O$1000) -> 52100 | P2: =SUM(P$4:P$1000) -> 52100 | Q2: =SUM(Q$4:Q$1000) -> 2500 | ... U2: =SUM(U$4:U$1000) -> 52100
A3: Ledger_No. | B3: Student_Name | C3: Father's name | D3: Phone no: | E3: Admission_Type | F3: Apr | G3: May | H3: Jun | I3: EXAM | J3: Jul | K3: Aug | L3: Sep | M3: Exam Fee | N3: Oct | O3: Nov | P3: Dec | Q3: Exam Fee | R3: Jan | S3: Feb | T3: Exam Fee | U3: Mar
A4: 6 | B4: =IFERROR(VLOOKUP($A4,Admission!$1:$998,4,0),"") -> MD ESHARUL HAQUE | C4: =IFERROR(VLOOKUP($A4,Admission!$1:$998,5,0),"") -> MD MOHAJERUL HAQUE | D4: =IFERROR(VLOOKUP($A4,Admission!$1:$998,10,0),"") -> 9939748660 | E4: =IFERROR(VLOOKUP($A4,Admission!$1:$998,3,0),"") -> Day Scholar | F4: 850 | G4: 850 | H4: 850 | I4: 250 | J4: 850 | K4: 850 | L4: 850 | N4: 850 | O4: 850 | P4: 850 | R4: 850 | S4: 850 | U4: 850
A5: 8 | B5: =IFERROR(VLOOKUP($A5,Admission!$1:$998,4,0),"") -> MD ADIL ANSARI | C5: =IFERROR(VLOOKUP($A5,Admission!$1:$998,5,0),"") -> MD ATAUR RAHMAN ANSARI | D5: =IFERROR(VLOOKUP($A5,Admission!$1:$998,10,0),"") -> 9123150068 | E5: =IFERROR(VLOOKUP($A5,Admission!$1:$998,3,0),"") -> Hosteller | F5: 4200 | G5: 4200 | H5: 4200 | I5: 250 | J5: 4200 | K5: 4200 | L5: 4200 | M5: 250 | N5: 4200 | O5: 4200 | P5: 4200 | R5: 4200 | S5: 4200 | U5: 4200
A6: 16 | B6: =IFERROR(VLOOKUP($A6,Admission!$1:$998,4,0),"") -> AYAAN AKHTAR | C6: =IFERROR(VLOOKUP($A6,Admission!$1:$998,5,0),"") -> NASIM AKTAR | D6: =IFERROR(VLOOKUP($A6,Admission!$1:$998,10,0),"") -> 9430329392 | E6: =IFERROR(VLOOKUP($A6,Admission!$1:$998,3,0),"") -> Hosteller | F6: 4200 | G6: 4200 | H6: 4200 | I6: 250 | J6: 4200 | K6: 4200 | L6: 4200 | M6: 250 | N6: 4200 | O6: 4200 | P6: 4200 | Q6: 250 | R6: 4200 | S6: 4200 | T6: 250 | U6: 4200
A7: 32 | B7: =IFERROR(VLOOKUP($A7,Admission!$1:$998,4,0),"") -> IMRAN ANSARI | C7: =IFERROR(VLOOKUP($A7,Admission!$1:$998,5,0),"") -> AMIR HAMZA ANSARI | D7: =IFERROR(VLOOKUP($A7,Admission!$1:$998,10,0),"") -> 9771026583 | E7: =IFERROR(VLOOKUP($A7,Admission!$1:$998,3,0),"") -> Hosteller | F7: 4200 | G7: 4200 | H7: 4200 | I7: 250 | J7: 4200 | K7: 4200 | L7: 4200 | M7: 250 | N7: 4200 | O7: 4200 | P7: 4200 | Q7: 250 | R7: 4200 | S7: 4200 | T7: 250 | U7: 4200
A8: 36 | B8: =IFERROR(VLOOKUP($A8,Admission!$1:$998,4,0),"") -> TOUHID ALAM | C8: =IFERROR(VLOOKUP($A8,Admission!$1:$998,5,0),"") -> TOFAIL ISLAM | D8: =IFERROR(VLOOKUP($A8,Admission!$1:$998,10,0),"") -> 8340101326 | E8: =IFERROR(VLOOKUP($A8,Admission!$1:$998,3,0),"") -> Day Scholar | F8: 850 | G8: 850 | H8: 850 | J8: 850 | K8: 850 | L8: left | N8: left | O8: left | P8: left | Q8: left | R8: left | S8: left | T8: left | U8: left
A9: 49 | B9: =IFERROR(VLOOKUP($A9,Admission!$1:$998,4,0),"") -> FAIYAZ ALAM | C9: =IFERROR(VLOOKUP($A9,Admission!$1:$998,5,0),"") -> MD AKMAL HUSSAIN | D9: =IFERROR(VLOOKUP($A9,Admission!$1:$998,10,0),"") -> 6201125220 | E9: =IFERROR(VLOOKUP($A9,Admission!$1:$998,3,0),"") -> Day Scholar | F9: 850 | G9: 850 | H9: 850 | I9: 250 | J9: 850 | K9: 850 | L9: 850 | M9: 250 | N9: 850 | O9: 850 | P9: 850 | Q9: 250 | R9: 850 | S9: 850 | T9: 2580 | U9: 850
A10: 94 | B10: =IFERROR(VLOOKUP($A10,Admission!$1:$998,4,0),"") -> MD SARTAJ ANSARI | C10: =IFERROR(VLOOKUP($A10,Admission!$1:$998,5,0),"") -> TOFIK ANSARI | D10: =IFERROR(VLOOKUP($A10,Admission!$1:$998,10,0),"") -> 9065655516 | E10: =IFERROR(VLOOKUP($A10,Admission!$1:$998,3,0),"") -> Hosteller | F10: 0 | G10: 4200 | H10: 4200 | I10: 250 | J10: 4200 | K10: 4200 | L10: 4200 | M10: 250 | N10: 4200 | O10: 4200 | P10: 4200 | Q10: 250 | R10: 4200 | S10: 4200 | T10: 250 | U10: 4200
A11: 111 | B11: =IFERROR(VLOOKUP($A11,Admission!$1:$998,4,0),"") -> SOHIL ANWAR | C11: =IFERROR(VLOOKUP($A11,Admission!$1:$998,5,0),"") -> KAUSAR SHAIKH | D11: =IFERROR(VLOOKUP($A11,Admission!$1:$998,10,0),"") -> 9523044245 | E11: =IFERROR(VLOOKUP($A11,Admission!$1:$998,3,0),"") -> Hosteller | F11: 0 | G11: 4200 | H11: 4200 | I11: 250 | J11: 4200 | K11: 4200 | L11: 4200 | N11: 4200 | O11: 4200 | P11: 4200 | R11: 4200 | S11: 4200 | U11: 4200
A12: 114 | B12: =IFERROR(VLOOKUP($A12,Admission!$1:$998,4,0),"") -> MD ARIF ANSARI | C12: =IFERROR(VLOOKUP($A12,Admission!$1:$998,5,0),"") -> MD HUSSAIN | D12: =IFERROR(VLOOKUP($A12,Admission!$1:$998,10,0),"") -> 9883087421 | E12: =IFERROR(VLOOKUP($A12,Admission!$1:$998,3,0),"") -> Hosteller | F12: 0 | G12: 4200 | H12: 4200 | I12: 250 | J12: 4200 | K12: 4200 | L12: 4200 | M12: 250 | N12: 4200 | O12: 4200 | P12: 4200 | Q12: 250 | R12: 4200 | S12: 4200 | T12: 250 | U12: 4200
A13: 127 | B13: =IFERROR(VLOOKUP($A13,Admission!$1:$998,4,0),"") -> FAUZAN ALAM | C13: =IFERROR(VLOOKUP($A13,Admission!$1:$998,5,0),"") -> ABDUL KHABIR | D13: =IFERROR(VLOOKUP($A13,Admission!$1:$998,10,0),"") -> 9572384523 | E13: =IFERROR(VLOOKUP($A13,Admission!$1:$998,3,0),"") -> Hosteller | F13: 4200 | G13: 4200 | H13: 4200 | J13: 4200 | K13: 4200 | L13: 4200 | N13: 4200 | O13: 4200 | P13: 4200 | R13: 4200 | S13: 4200 | U13: 4200
A14: 107 | B14: =IFERROR(VLOOKUP($A14,Admission!$1:$998,4,0),"") -> MAHBUB ANSARI | C14: =IFERROR(VLOOKUP($A14,Admission!$1:$998,5,0),"") -> TOFIK ANSARI | D14: =IFERROR(VLOOKUP($A14,Admission!$1:$998,10,0),"") -> 7739685238 | E14: =IFERROR(VLOOKUP($A14,Admission!$1:$998,3,0),"") -> Hosteller | F14: 4200 | G14: 4200 | H14: 4200 | I14: 250 | J14: 4200 | K14: 4200 | L14: 4200 | M14: 250 | N14: 4200 | O14: 4200 | P14: 4200 | Q14: 250 | R14: 4200 | S14: 4200 | T14: 250 | U14: 4200
A15: 132 | B15: =IFERROR(VLOOKUP($A15,Admission!$1:$998,4,0),"") -> SUPAYAN ANSARI | C15: =IFERROR(VLOOKUP($A15,Admission!$1:$998,5,0),"") -> BAHARUDDIN ANSARI | D15: =IFERROR(VLOOKUP($A15,Admission!$1:$998,10,0),"") -> 7783066339 | E15: =IFERROR(VLOOKUP($A15,Admission!$1:$998,3,0),"") -> Hosteller | F15: 4200 | G15: 4200 | H15: 4200 | I15: 250 | J15: 4200 | K15: 4200 | L15: 4200 | M15: 250 | N15: 4200 | O15: 4200 | P15: 4200 | Q15: 250 | R15: 4200 | S15: 4200 | T15: 250 | U15: 4200
A16: 134 | B16: =IFERROR(VLOOKUP($A16,Admission!$1:$998,4,0),"") -> RAFIKUL ISLAM, | C16: =IFERROR(VLOOKUP($A16,Admission!$1:$998,5,0),"") -> TARIKUL ISLAM | D16: =IFERROR(VLOOKUP($A16,Admission!$1:$998,10,0),"") -> 9006089948 | E16: =IFERROR(VLOOKUP($A16,Admission!$1:$998,3,0),"") -> Hosteller | F16: 4200 | G16: 4200 | H16: 4200 | I16: 250 | J16: 4200 | K16: 4200 | L16: 4200 | M16: 250 | N16: 4200 | O16: 4200 | P16: 4200 | Q16: 250 | R16: 4200 | S16: 4200 | T16: 250 | U16: 4200
A17: 136 | B17: =IFERROR(VLOOKUP($A17,Admission!$1:$998,4,0),"") -> ASFAQ ALAM | C17: =IFERROR(VLOOKUP($A17,Admission!$1:$998,5,0),"") -> TARIKUL ISLAM | D17: =IFERROR(VLOOKUP($A17,Admission!$1:$998,10,0),"") -> 9801066582 | E17: =IFERROR(VLOOKUP($A17,Admission!$1:$998,3,0),"") -> Hosteller | F17: 4200 | J17: LEFT | K17: left | L17: left | M17: left | N17: left | O17: LEFT | P17: LEFT | Q17: LEFT | R17: LEFT | S17: LEFT | T17: LEFT | U17: LEFT
A18: 150 | B18: =IFERROR(VLOOKUP($A18,Admission!$1:$998,4,0),"") -> HABIBUR BASAR | C18: =IFERROR(VLOOKUP($A18,Admission!$1:$998,5,0),"") -> MUNSUR SHEKH | D18: =IFERROR(VLOOKUP($A18,Admission!$1:$998,10,0),"") -> 9060522417 | E18: =IFERROR(VLOOKUP($A18,Admission!$1:$998,3,0),"") -> Hosteller | F18: 0 | G18: 0 | H18: 4200 | I18: 250 | J18: 4200 | K18: 4200 | L18: 4200 | M18: 250 | N18: 4200 | O18: 4200 | P18: 4200 | Q18: 250 | R18: 4200 | S18: 4200 | T18: 250 | U18: 4200
A19: MPS/2022-23/184 | B19: AKRAM ANSARI | C19: MD MORSALIM ANSARI | D19: 6200648579 | E19: Hosteller | F19: 0 | G19: 0 | H19: 0 | I19: 0 | J19: 0 | K19: 0 | L19: 0 | M19: 0 | N19: 0 | O19: 4200 | P19: 4200 | Q19: 250 | R19: 4200 | S19: 4200 | T19: 250 | U19: 4200
B20: =IFERROR(VLOOKUP($A20,Admission!$1:$998,4,0),"") | C20: =IFERROR(VLOOKUP($A20,Admission!$1:$998,5,0),"") | D20: =IFERROR(VLOOKUP($A20,Admission!$1:$998,10,0),"") | E20: =IFERROR(VLOOKUP($A20,Admission!$1:$998,3,0),"")
B21: =IFERROR(VLOOKUP($A21,Admission!$1:$998,4,0),"") | C21: =IFERROR(VLOOKUP($A21,Admission!$1:$998,5,0),"") | D21: =IFERROR(VLOOKUP($A21,Admission!$1:$998,10,0),"") | E21: =IFERROR(VLOOKUP($A21,Admission!$1:$998,3,0),"")
B22: =IFERROR(VLOOKUP($A22,Admission!$1:$998,4,0),"") | C22: =IFERROR(VLOOKUP($A22,Admission!$1:$998,5,0),"") | E22: =IFERROR(VLOOKUP($A22,Admission!$1:$998,3,0),"")
B23: =IFERROR(VLOOKUP($A23,Admission!$1:$998,4,0),"") | C23: =IFERROR(VLOOKUP($A23,Admission!$1:$998,5,0),"") | E23: =IFERROR(VLOOKUP($A23,Admission!$1:$998,3,0),"")
B24: =IFERROR(VLOOKUP($A24,Admission!$1:$998,4,0),"") | C24: =IFERROR(VLOOKUP($A24,Admission!$1:$998,5,0),"") | E24: =IFERROR(VLOOKUP($A24,Admission!$1:$998,3,0),"")
B25: =IFERROR(VLOOKUP($A25,Admission!$1:$998,4,0),"") | C25: =IFERROR(VLOOKUP($A25,Admission!$1:$998,5,0),"") | E25: =IFERROR(VLOOKUP($A25,Admission!$1:$998,3,0),"")
B26: =IFERROR(VLOOKUP($A26,Admission!$1:$998,4,0),"") | C26: =IFERROR(VLOOKUP($A26,Admission!$1:$998,5,0),"") | E26: =IFERROR(VLOOKUP($A26,Admission!$1:$998,3,0),"")
B27: =IFERROR(VLOOKUP($A27,Admission!$1:$998,4,0),"") | C27: =IFERROR(VLOOKUP($A27,Admission!$1:$998,5,0),"") | E27: =IFERROR(VLOOKUP($A27,Admission!$1:$998,3,0),"")
B28: =IFERROR(VLOOKUP($A28,Admission!$1:$998,4,0),"") | C28: =IFERROR(VLOOKUP($A28,Admission!$1:$998,5,0),"") | E28: =IFERROR(VLOOKUP($A28,Admission!$1:$998,3,0),"")
B29: =IFERROR(VLOOKUP($A29,Admission!$1:$998,4,0),"") | C29: =IFERROR(VLOOKUP($A29,Admission!$1:$998,5,0),"") | E29: =IFERROR(VLOOKUP($A29,Admission!$1:$998,3,0),"")
B30: =IFERROR(VLOOKUP($A30,Admission!$1:$998,4,0),"") | C30: =IFERROR(VLOOKUP($A30,Admission!$1:$998,5,0),"") | E30: =IFERROR(VLOOKUP($A30,Admission!$1:$998,3,0),"")
B31: =IFERROR(VLOOKUP($A31,Admission!$1:$998,4,0),"") | C31: =IFERROR(VLOOKUP($A31,Admission!$1:$998,5,0),"") | E31: =IFERROR(VLOOKUP($A31,Admission!$1:$998,3,0),"")
B32: =IFERROR(VLOOKUP($A32,Admission!$1:$998,4,0),"") | C32: =IFERROR(VLOOKUP($A32,Admission!$1:$998,5,0),"") | E32: =IFERROR(VLOOKUP($A32,Admission!$1:$998,3,0),"")
B33: =IFERROR(VLOOKUP($A33,Admission!$1:$998,4,0),"") | C33: =IFERROR(VLOOKUP($A33,Admission!$1:$998,5,0),"") | E33: =IFERROR(VLOOKUP($A33,Admission!$1:$998,3,0),"")
... B148: =IFERROR(VLOOKUP($A148,Admission!$1:$998,4,0),"") | C148: =IFERROR(VLOOKUP($A148,Admission!$1:$998,5,0),"") | E148: =IFERROR(VLOOKUP($A148,Admission!$1:$998,3,0),"")
E149: =IFERROR(VLOOKUP($A149,Admission!150:1145,3,0),"")
E150: =IFERROR(VLOOKUP($A150,Admission!151:1146,3,0),"")
E151: =IFERROR(VLOOKUP($A151,Admission!152:1147,3,0),"")
E152: =IFERROR(VLOOKUP($A152,Admission!153:1148,3,0),"")
E153: =IFERROR(VLOOKUP($A153,Admission!154:1149,3,0),"")
E154: =IFERROR(VLOOKUP($A154,Admission!155:1150,3,0),"")
E155: =IFERROR(VLOOKUP($A155,Admission!156:1151,3,0),"")
E156: =IFERROR(VLOOKUP($A156,Admission!157:1152,3,0),"")
E157: =IFERROR(VLOOKUP($A157,Admission!158:1153,3,0),"")
E158: =IFERROR(VLOOKUP($A158,Admission!159:1154,3,0),"")
E159: =IFERROR(VLOOKUP($A159,Admission!160:1155,3,0),"")
E160: =IFERROR(VLOOKUP($A160,Admission!161:1156,3,0),"")
E161: =IFERROR(VLOOKUP($A161,Admission!162:1157,3,0),"")
E162: =IFERROR(VLOOKUP($A162,Admission!163:1158,3,0),"")
E163: =IFERROR(VLOOKUP($A163,Admission!164:1159,3,0),"")
E164: =IFERROR(VLOOKUP($A164,Admission!165:1160,3,0),"")
E165: =IFERROR(VLOOKUP($A165,Admission!166:1161,3,0),"")
E166: =IFERROR(VLOOKUP($A166,Admission!167:1162,3,0),"")
E167: =IFERROR(VLOOKUP($A167,Admission!168:1163,3,0),"")
E168: =IFERROR(VLOOKUP($A168,Admission!169:1164,3,0),"")
E169: =IFERROR(VLOOKUP($A169,Admission!170:1165,3,0),"")
E170: =IFERROR(VLOOKUP($A170,Admission!171:1166,3,0),"")
E171: =IFERROR(VLOOKUP($A171,Admission!172:1167,3,0),"")
E172: =IFERROR(VLOOKUP($A172,Admission!173:1168,3,0),"")
E173: =IFERROR(VLOOKUP($A173,Admission!174:1169,3,0),"")
E174: =IFERROR(VLOOKUP($A174,Admission!175:1170,3,0),"")
E175: =IFERROR(VLOOKUP($A175,Admission!176:1171,3,0),"")
E176: =IFERROR(VLOOKUP($A176,Admission!177:1172,3,0),"")
E177: =IFERROR(VLOOKUP($A177,Admission!178:1173,3,0),"")
E178: =IFERROR(VLOOKUP($A178,Admission!178:1174,3,0),"")
E179: =IFERROR(VLOOKUP($A179,Admission!178:1175,3,0),"")
E180: =IFERROR(VLOOKUP($A180,Admission!178:1176,3,0),"")
E181: =IFERROR(VLOOKUP($A181,Admission!178:1177,3,0),"")
E182: =IFERROR(VLOOKUP($A182,Admission!179:1178,3,0),"")
E183: =IFERROR(VLOOKUP($A183,Admission!180:1179,3,0),"")
E184: =IFERROR(VLOOKUP($A184,Admission!181:1180,3,0),"")
E185: =IFERROR(VLOOKUP($A185,Admission!182:1181,3,0),"")
E186: =IFERROR(VLOOKUP($A186,Admission!183:1182,3,0),"")
E187: =IFERROR(VLOOKUP($A187,Admission!184:1183,3,0),"")
E188: =IFERROR(VLOOKUP($A188,Admission!181:1184,3,0),"")
E189: =IFERROR(VLOOKUP($A189,Admission!178:1185,3,0),"")
E190: =IFERROR(VLOOKUP($A190,Admission!179:1186,3,0),"")

Sheet VIII
A1: Total Students | B1: Hosteller | C1: Day Scholar | E1: Overall Collection | F1: Monthly total fees collection
A2: =COUNT(A4:A364) -> 11 | B2: =COUNTIF($E$4:$E$190,B1) -> 7 | C2: =COUNTIF($E$4:$E$190,C1) -> 4 | E2: =SUM(F2:U2) -> 350900 | F2: =SUM(F$4:F$1001) -> 31400 | G2: =SUM(G$4:G$1001) -> 37200 | H2: =SUM(H$4:H$1001) -> 32200 | I2: =SUM(I4:I19) -> 1500 | J2: =SUM(J$4:J$1001) -> 33300 | K2: =SUM(K$4:K$1001) -> 32200 | L2: =SUM(L$4:L$1001) -> 32200 | M2: =SUM(M$4:M$1001) -> 900 | N2: =SUM(N$4:N$1001) -> 27200 | O2: =SUM(O$4:O$1001) -> 27200 | P2: =SUM(P$4:P$1001) -> 27200 | Q2: =SUM(Q$4:Q$1001) -> 900 | ... U2: =SUM(U$4:U$1001) -> 12200
A3: Ledger_No. | B3: Student_Name | C3: Father's name | D3: Phone no: | E3: Admission_Type | F3: Apr | G3: May | H3: Jun | I3: Exam | J3: Jul | K3: Aug | L3: Sep | M3: Exam Fee | N3: Oct | O3: Nov | P3: Dec | Q3: Exam Fee | R3: Jan | S3: Feb | T3: Exam Fee | U3: Mar
A4: 66 | B4: =IFERROR(VLOOKUP($A4,Admission!$1:$998,4,0),"") -> YASIR AHMAD | C4: =IFERROR(VLOOKUP($A4,Admission!$1:$998,5,0),"") -> YUNUS SEKH | D4: =IFERROR(VLOOKUP($A4,Admission!$1:$998,10,0),"") -> 9006901468 | E4: =IFERROR(VLOOKUP($A4,Admission!$1:$998,3,0),"") -> Hosteller | F4: 4200 | G4: 5000 | H4: 5000 | J4: 5000 | K4: 5000 | L4: 5000 | N4: left | O4: left | P4: left | Q4: left | R4: left | S4: left | T4: left | U4: left
A5: 92 | B5: =IFERROR(VLOOKUP($A5,Admission!$1:$998,4,0),"") -> SOHEL SEKH | C5: =IFERROR(VLOOKUP($A5,Admission!$1:$998,5,0),"") -> NAUSAD SEKH | D5: =IFERROR(VLOOKUP($A5,Admission!$1:$998,10,0),"") -> 0 | E5: =IFERROR(VLOOKUP($A5,Admission!$1:$998,3,0),"") -> Hosteller | F5: 5000 | G5: 5000 | H5: 5000 | I5: 300 | J5: 5000 | K5: 5000 | L5: 5000 | N5: 5000 | O5: 5000 | P5: 5000 | R5: 5000 | S5: 5000 | T5: 5000 | U5: 5000
A6: 98 | B6: =IFERROR(VLOOKUP($A6,Admission!$1:$998,4,0),"") -> FAISHAL ALAM | C6: =IFERROR(VLOOKUP($A6,Admission!$1:$998,5,0),"") -> MD MEHBOOB ALAM | D6: =IFERROR(VLOOKUP($A6,Admission!$1:$998,10,0),"") -> 7766004567 | E6: =IFERROR(VLOOKUP($A6,Admission!$1:$998,3,0),"") -> Hosteller | F6: 0 | G6: 5000 | H6: 5000 | I6: 300 | J6: 5000 | K6: 5000 | L6: 5000 | M6: 300 | N6: 5000 | O6: 5000 | P6: 5000 | Q6: 300 | R6: 5000 | T6: 300
A7: 124 | B7: =IFERROR(VLOOKUP($A7,Admission!$1:$998,4,0),"") -> ABDUL BASIT ANSARI | C7: =IFERROR(VLOOKUP($A7,Admission!$1:$998,5,0),"") -> ABDUL KARIM ANSARI | D7: =IFERROR(VLOOKUP($A7,Admission!$1:$998,10,0),"") -> 7292811543 | E7: =IFERROR(VLOOKUP($A7,Admission!$1:$998,3,0),"") -> Hosteller | F7: 5000 | G7: 5000 | H7: 5000 | I7: 300 | J7: 5000 | K7: 5000 | L7: 5000 | M7: 300 | N7: 5000 | O7: 5000 | P7: 5000 | Q7: 300 | R7: 5000 | S7: 5000 | T7: 300 | U7: 5000
A8: 129 | B8: =IFERROR(VLOOKUP($A8,Admission!$1:$998,4,0),"") -> FARHAN AKTAR | C8: =IFERROR(VLOOKUP($A8,Admission!$1:$998,5,0),"") -> SAFIK ALAM | D8: =IFERROR(VLOOKUP($A8,Admission!$1:$998,10,0),"") -> 6203234946 | E8: =IFERROR(VLOOKUP($A8,Admission!$1:$998,3,0),"") -> Hosteller | F8: 5000 | G8: 5000 | H8: left | I8: left | J8: left | K8: left | L8: left | M8: left | N8: left | O8: left | P8: left | Q8: left | R8: left | S8: left | T8: left | U8: left
A9: 131 | B9: =IFERROR(VLOOKUP($A9,Admission!$1:$998,4,0),"") -> MD AFJAL | C9: =IFERROR(VLOOKUP($A9,Admission!$1:$998,5,0),"") -> MD AKRAM ANSARI | D9: =IFERROR(VLOOKUP($A9,Admission!$1:$998,10,0),"") -> 9955399749 | E9: =IFERROR(VLOOKUP($A9,Admission!$1:$998,3,0),"") -> Hosteller | F9: 5000 | G9: 5000 | H9: 5000 | J9: 5000 | K9: 5000 | L9: 5000 | N9: 5000 | O9: 5000 | P9: 5000 | R9: 5000 | S9: 5000 | T9: left | U9: left
A10: 135 | B10: =IFERROR(VLOOKUP($A10,Admission!$1:$998,4,0),"") -> MD.SHOEB ANSARI | C10: =IFERROR(VLOOKUP($A10,Admission!$1:$998,5,0),"") -> MD MOINUL HOQUE | D10: =IFERROR(VLOOKUP($A10,Admission!$1:$998,10,0),"") -> 8252430160 | E10: =IFERROR(VLOOKUP($A10,Admission!$1:$998,3,0),"") -> Hosteller | F10: 5000 | G10: 5000 | H10: 5000 | J10: 5000 | K10: 5000 | L10: 5000 | N10: 5000 | O10: 5000 | P10: 5000 | R10: 5000 | S10: 5000 | T10: left | U10: left
A11: 160 | B11: =IFERROR(VLOOKUP($A11,Admission!$1:$998,4,0),"") -> EZMA JANNAT | C11: =IFERROR(VLOOKUP($A11,Admission!$1:$998,5,0),"") -> MD REJAUL HAQUE | D11: =IFERROR(VLOOKUP($A11,Admission!$1:$998,10,0),"") -> 6205766744 | E11: =IFERROR(VLOOKUP($A11,Admission!$1:$998,3,0),"") -> Day Scholar | F11: 1100 | G11: 1100 | H11: 1100 | I11: 300 | J11: 1100 | K11: 1100 | L11: 1100 | N11: 1100 | O11: 1100 | P11: 1100 | R11: 1100 | S11: 1100 | U11: 1100
A12: 161 | B12: =IFERROR(VLOOKUP($A12,Admission!$1:$998,4,0),"") -> ASIYA PARVEEN | C12: =IFERROR(VLOOKUP($A12,Admission!$1:$998,5,0),"") -> MOJIBUR RAHMAN | D12: 9631521624 | E12: =IFERROR(VLOOKUP($A12,Admission!$1:$998,3,0),"") -> Day Scholar | F12: 1100 | G12: 1100 | N12: left | O12: left | P12: left | Q12: left | R12: left | S12: left | T12: left | U12: left
A13: 169 | B13: =IFERROR(VLOOKUP($A13,Admission!$1:$998,4,0),"") -> SADIYA KHATUN | C13: =IFERROR(VLOOKUP($A13,Admission!$1:$998,5,0),"") -> FARJAN ALI | E13: =IFERROR(VLOOKUP($A13,Admission!$1:$998,3,0),"") -> Day Scholar | F13: 0 | G13: 0 | H13: 1100 | I13: 300 | J13: 1100 | K13: 1100 | L13: 1100 | M13: 300 | N13: 1100 | O13: 1100 | P13: 1100 | Q13: 300 | R13: 1100 | S13: 1100 | T13: 300 | U13: 1100
A14: 180 | B14: =IFERROR(VLOOKUP($A14,Admission!$1:$998,4,0),"") -> AHLIYA KHATUN | C14: =IFERROR(VLOOKUP($A14,Admission!$1:$998,5,0),"") -> ZAKIR HUSSAIN | E14: =IFERROR(VLOOKUP($A14,Admission!$1:$998,3,0),"") -> Day Scholar | F14: 0 | G14: 0 | H14: 0 | J14: 1100 | N14: left | O14: left | P14: left | Q14: left | R14: left | S14: left | T14: left | U14: left
B15: =IFERROR(VLOOKUP($A15,Admission!$1:$998,4,0),"") | C15: =IFERROR(VLOOKUP($A15,Admission!$1:$998,5,0),"") | E15: =IFERROR(VLOOKUP($A15,Admission!$1:$998,3,0),"") | P15: 0
B16: =IFERROR(VLOOKUP($A16,Admission!$1:$998,4,0),"") | C16: =IFERROR(VLOOKUP($A16,Admission!$1:$998,5,0),"") | E16: =IFERROR(VLOOKUP($A16,Admission!$1:$998,3,0),"")
B17: =IFERROR(VLOOKUP($A17,Admission!$1:$998,4,0),"") | C17: =IFERROR(VLOOKUP($A17,Admission!$1:$998,5,0),"") | E17: =IFERROR(VLOOKUP($A17,Admission!$1:$998,3,0),"")
B18: =IFERROR(VLOOKUP($A18,Admission!$1:$998,4,0),"") | C18: =IFERROR(VLOOKUP($A18,Admission!$1:$998,5,0),"") | E18: =IFERROR(VLOOKUP($A18,Admission!$1:$998,3,0),"")
B19: =IFERROR(VLOOKUP($A19,Admission!$1:$998,4,0),"") | C19: =IFERROR(VLOOKUP($A19,Admission!$1:$998,5,0),"") | E19: =IFERROR(VLOOKUP($A19,Admission!$1:$998,3,0),"")
B20: =IFERROR(VLOOKUP($A20,Admission!$1:$998,4,0),"") | C20: =IFERROR(VLOOKUP($A20,Admission!$1:$998,5,0),"") | E20: =IFERROR(VLOOKUP($A20,Admission!$1:$998,3,0),"")
B21: =IFERROR(VLOOKUP($A21,Admission!$1:$998,4,0),"") | C21: =IFERROR(VLOOKUP($A21,Admission!$1:$998,5,0),"") | E21: =IFERROR(VLOOKUP($A21,Admission!$1:$998,3,0),"")
B22: =IFERROR(VLOOKUP($A22,Admission!$1:$998,4,0),"") | C22: =IFERROR(VLOOKUP($A22,Admission!$1:$998,5,0),"") | E22: =IFERROR(VLOOKUP($A22,Admission!$1:$998,3,0),"")
B23: =IFERROR(VLOOKUP($A23,Admission!$1:$998,4,0),"") | C23: =IFERROR(VLOOKUP($A23,Admission!$1:$998,5,0),"") | E23: =IFERROR(VLOOKUP($A23,Admission!$1:$998,3,0),"")
B24: =IFERROR(VLOOKUP($A24,Admission!$1:$998,4,0),"") | C24: =IFERROR(VLOOKUP($A24,Admission!$1:$998,5,0),"") | E24: =IFERROR(VLOOKUP($A24,Admission!$1:$998,3,0),"")
B25: =IFERROR(VLOOKUP($A25,Admission!$1:$998,4,0),"") | C25: =IFERROR(VLOOKUP($A25,Admission!$1:$998,5,0),"") | E25: =IFERROR(VLOOKUP($A25,Admission!$1:$998,3,0),"")
B26: =IFERROR(VLOOKUP($A26,Admission!$1:$998,4,0),"") | C26: =IFERROR(VLOOKUP($A26,Admission!$1:$998,5,0),"") | E26: =IFERROR(VLOOKUP($A26,Admission!$1:$998,3,0),"")
B27: =IFERROR(VLOOKUP($A27,Admission!$1:$998,4,0),"") | C27: =IFERROR(VLOOKUP($A27,Admission!$1:$998,5,0),"") | E27: =IFERROR(VLOOKUP($A27,Admission!$1:$998,3,0),"")
... B148: =IFERROR(VLOOKUP($A148,Admission!$1:$998,4,0),"") | C148: =IFERROR(VLOOKUP($A148,Admission!$1:$998,5,0),"") | E148: =IFERROR(VLOOKUP($A148,Admission!$1:$998,3,0),"")
E149: =IFERROR(VLOOKUP($A149,Admission!150:1145,3,0),"")
E150: =IFERROR(VLOOKUP($A150,Admission!151:1146,3,0),"")
E151: =IFERROR(VLOOKUP($A151,Admission!152:1147,3,0),"")
E152: =IFERROR(VLOOKUP($A152,Admission!153:1148,3,0),"")
E153: =IFERROR(VLOOKUP($A153,Admission!154:1149,3,0),"")
E154: =IFERROR(VLOOKUP($A154,Admission!155:1150,3,0),"")
E155: =IFERROR(VLOOKUP($A155,Admission!156:1151,3,0),"")
E156: =IFERROR(VLOOKUP($A156,Admission!157:1152,3,0),"")
E157: =IFERROR(VLOOKUP($A157,Admission!158:1153,3,0),"")
E158: =IFERROR(VLOOKUP($A158,Admission!159:1154,3,0),"")
E159: =IFERROR(VLOOKUP($A159,Admission!160:1155,3,0),"")
E160: =IFERROR(VLOOKUP($A160,Admission!161:1156,3,0),"")
E161: =IFERROR(VLOOKUP($A161,Admission!162:1157,3,0),"")
E162: =IFERROR(VLOOKUP($A162,Admission!163:1158,3,0),"")
E163: =IFERROR(VLOOKUP($A163,Admission!164:1159,3,0),"")
E164: =IFERROR(VLOOKUP($A164,Admission!165:1160,3,0),"")
E165: =IFERROR(VLOOKUP($A165,Admission!166:1161,3,0),"")
E166: =IFERROR(VLOOKUP($A166,Admission!167:1162,3,0),"")
E167: =IFERROR(VLOOKUP($A167,Admission!168:1163,3,0),"")
E168: =IFERROR(VLOOKUP($A168,Admission!169:1164,3,0),"")
E169: =IFERROR(VLOOKUP($A169,Admission!170:1165,3,0),"")
E170: =IFERROR(VLOOKUP($A170,Admission!171:1166,3,0),"")
E171: =IFERROR(VLOOKUP($A171,Admission!172:1167,3,0),"")
E172: =IFERROR(VLOOKUP($A172,Admission!173:1168,3,0),"")
E173: =IFERROR(VLOOKUP($A173,Admission!174:1169,3,0),"")
E174: =IFERROR(VLOOKUP($A174,Admission!175:1170,3,0),"")
E175: =IFERROR(VLOOKUP($A175,Admission!176:1171,3,0),"")
E176: =IFERROR(VLOOKUP($A176,Admission!177:1172,3,0),"")
E177: =IFERROR(VLOOKUP($A177,Admission!178:1173,3,0),"")
E178: =IFERROR(VLOOKUP($A178,Admission!178:1174,3,0),"")
E179: =IFERROR(VLOOKUP($A179,Admission!178:1175,3,0),"")
E180: =IFERROR(VLOOKUP($A180,Admission!178:1176,3,0),"")
E181: =IFERROR(VLOOKUP($A181,Admission!178:1177,3,0),"")
E182: =IFERROR(VLOOKUP($A182,Admission!179:1178,3,0),"")
E183: =IFERROR(VLOOKUP($A183,Admission!180:1179,3,0),"")
E184: =IFERROR(VLOOKUP($A184,Admission!181:1180,3,0),"")
E185: =IFERROR(VLOOKUP($A185,Admission!182:1181,3,0),"")
E186: =IFERROR(VLOOKUP($A186,Admission!183:1182,3,0),"")
E187: =IFERROR(VLOOKUP($A187,Admission!184:1183,3,0),"")
E188: =IFERROR(VLOOKUP($A188,Admission!181:1184,3,0),"")
E189: =IFERROR(VLOOKUP($A189,Admission!178:1185,3,0),"")
E190: =IFERROR(VLOOKUP($A190,Admission!179:1186,3,0),"")

Sheet Summary
A1: / | F1: Monthly Collection
A2: Class | B2: Hosteller | C2: Day Scholar | D2: Total | F2: Class | G2: Apr | H2: May | I2: June | J2: July | K2: Aug | L2: Sep | M2: Oct | N2: Nov | O2: Dec | P2: Jan | Q2: Feb | R2: Mar
A3: Nur | B3: =Nur!B2 -> 2 | C3: =Nur!C2 -> 9 | D3: =COUNTIF(Admission!H:H,A3) -> 11 | F3: Nur | G3: =Nur!F2 -> 4900 | H3: =Nur!G2 -> 6100 | I3: =Nur!H2 -> 6700 | J3: =Nur!J2 -> 6700 | K3: =Nur!K2 -> 11600 | L3: =Nur!L2 -> 12800 | M3: =Nur!N2 -> 12200 | N3: =Nur!O2 -> 12200 | O3: =Nur!P2 -> 12200 | P3: =Nur!R2 -> 11600 | Q3: =Nur!S2 -> 11000 | R3: =Nur!U2 -> 11000
A4: LKG | B4: =LKG!B2 -> 8 | C4: =LKG!C2 -> 5 | D4: =SUM(A4:C4) -> 13 | F4: LKG | G4: =LKG!F2 -> 16000 | H4: =LKG!G2 -> 21500 | I4: =LKG!I2 -> 32000 | J4: =LKG!J2 -> 32000 | K4: =LKG!K2 -> 31000 | L4: =LKG!L2 -> 32000 | M4: =LKG!N2 -> 32000 | N4: =LKG!O2 -> 32000 | O4: =LKG!P2 -> 32000 | P4: =LKG!R2 -> 32000 | Q4: =LKG!S2 -> 31400 | R4: =LKG!U2 -> 31402
A5: UKG | B5: =UKG!B2 -> 17 | C5: =UKG!C2 -> 5 | D5: =SUM(A5:C5) -> 22 | F5: UKG | G5: =UKG!F2 -> 21500 | H5: =UKG!G2 -> 40000 | I5: =UKG!H2 -> 62200 | J5: =UKG!J2 -> 65900 | K5: =UKG!K2 -> 65900 | L5: =UKG!L2 -> 65900 | M5: =UKG!N2 -> 69000 | N5: =UKG!O2 -> 69000 | O5: =UKG!P2 -> 69000 | P5: =UKG!R2 -> 69000 | Q5: =UKG!S2 -> 69000 | R5: =UKG!U2 -> 68600
A6: I | B6: =I!B2 -> 17 | C6: =I!C2 -> 14 | D6: =COUNTIF(Admission!H:H,A6) -> 33 | F6: I | G6: =I!F2 -> 52100 | H6: =I!G2 -> 56500 | I6: =I!H2 -> 67000 | J6: =I!J2 -> 67000 | K6: =I!K2 -> 67000 | L6: =I!L2 -> 67000 | M6: =I!N2 -> 60200 | N6: =I!O2 -> 59600 | O6: =I!P2 -> 55900 | P6: =I!R2 -> 55500 | Q6: =I!S2 -> 55300 | R6: =I!U2 -> 55300
A7: II | B7: =II!B2 -> 12 | C7: =II!C2 -> 9 | D7: =COUNTIF(Admission!H:H,A7) -> 21 | F7: II | G7: =II!F2 -> 43200 | H7: =II!G2 -> 51200 | I7: =II!H2 -> 55200 | J7: =II!J2 -> 55200 | K7: =II!K2 -> 55200 | L7: =II!L2 -> 55200 | M7: =II!N2 -> 54400 | N7: =II!O2 -> 54400 | O7: 49600 | P7: =II!R2 -> 43200 | Q7: =II!S2 -> 43200 | R7: =II!U2 -> 42400
A8: III | B8: =III!B2 -> 11 | C8: =III!C2 -> 6 | D8: =COUNTIF(Admission!H:H,A8) -> 17 | F8: III | G8: =III!F2 -> 32600 | H8: =III!G2 -> 40800 | I8: =III!H2 -> 48800 | J8: =III!J2 -> 44800 | K8: =III!K2 -> 36000 | L8: =III!L2 -> 35200 | M8: =III!N2 -> 38400 | N8: =III!O2 -> 34400 | O8: =III!P2 -> 38400 | P8: =III!R2 -> 38400 | Q8: =III!S2 -> 37600 | R8: =III!U2 -> 37600
A9: IV | B9: =IV!B2 -> 14 | C9: =IV!C2 -> 7 | D9: =COUNTIF(Admission!H:H,A9) -> 21 | F9: IV | G9: =IV!F2 -> 34100 | H9: =IV!G2 -> 60550 | I9: =IV!H2 -> 60550 | J9: =IV!J2 -> 60550 | K9: =IV!K2 -> 52150 | L9: =IV!L2 -> 52150 | M9: =IV!N2 -> 52150 | N9: =IV!O2 -> 52150 | O9: 25050 | P9: =IV!R2 -> 46250 | Q9: =IV!S2 -> 46250 | R9: =IV!U2 -> 40350
A10: V | B10: =V!B2 -> 13 | C10: =V!C2 -> 3 | D10: =COUNTIF(Admission!H:H,A10) -> 16 | F10: V | G10: =V!F2 -> 36150 | H10: =V!G2 -> 44550 | I10: =V!H2 -> 48750 | J10: =V!J2 -> 48750 | K10: =V!K2 -> 48750 | L10: =V!L2 -> 47900 | M10: =V!N2 -> 47900 | N10: =V!O2 -> 52100 | O10: =V!P2 -> 52100 | P10: =V!R2 -> 52100 | Q10: =V!S2 -> 52100 | R10: =V!U2 -> 52100
A11: VI | B11: =VI!B2 -> 5 | C11: =VI!C2 -> 2 | D11: =COUNTIF(Admission!H:H,A11) -> 7 | F11: VI | G11: =VI!F2 -> 19850 | H11: =VI!G2 -> 24350 | I11: =VI!H2 -> 24500 | J11: =VI!J2 -> 24500 | K11: =VI!K2 -> 24500 | L11: =VI!L2 -> 24500 | M11: =VI!N2 -> 24500 | N11: =VI!O2 -> 24500 | O11: =VI!P2 -> 23500 | P11: =VI!R2 -> 23500 | Q11: =VI!S2 -> 22500 | R11: =VI!U2 -> 22500
A12: VII | B12: =VII!B2 -> 5 | C12: =VII!C2 -> 6 | D12: =SUM(A12:C12) -> 11 | F12: VII | G12: =VII!F2 -> 24000 | H12: =VII!G2 -> 24000 | I12: =VII!H2 -> 24000 | J12: =VII!J2 -> 24000 | K12: =VII!K2 -> 24000 | L12: =VII!L2 -> 27500 | M12: =VII!N2 -> 27500 | N12: =VII!O2 -> 27500 | O12: =VII!P2 -> 18950 | P12: =VII!R2 -> 17500 | Q12: =VII!S2 -> 16500 | R12: =VII!U2 -> 11000
A13: VIII | B13: =VIII!B2 -> 7 | C13: =VIII!C2 -> 4 | D13: =COUNTIF(Admission!H:H,A13) -> 11 | F13: VIII | G13: =VIII!F2 -> 31400 | H13: =VIII!G2 -> 37200 | I13: =VIII!H2 -> 32200 | J13: =VIII!J2 -> 33300 | K13: =VIII!K2 -> 32200 | L13: =VIII!L2 -> 32200 | M13: =VIII!N2 -> 27200 | N13: =VIII!O2 -> 27200 | O13: =VIII!P2 -> 27200 | P13: =VIII!R2 -> 27200 | Q13: =VIII!S2 -> 22200 | R13: =VIII!U2 -> 12200
B14: =SUM(B3:B13) -> 111 | C14: =SUM(C3:C13) -> 70 | D14: =SUM(D3:D13) -> 183 | F14: Total | G14: =SUM(G3:G13) -> 315800 | H14: =SUM(H3:H13) -> 406750 | I14: =SUM(I3:I13) -> 461900 | J14: =SUM(J3:J13) -> 462700 | K14: =SUM(K3:K13) -> 448300 | L14: =SUM(L3:L13) -> 452350 | M14: =SUM(M3:M13) -> 445450 | N14: =SUM(N3:N13) -> 445050 | ... R14: =SUM(R3:R13) -> 384452
A15: Left | B15: =COUNTIFS(Admission!C:C,B2,Admission!O:O,A15) -> 5 | C15: =COUNTIFS(Admission!C:C,C2,Admission!O:O,A15) -> 1 | D15: =COUNTIF(Admission!O:O,"left") -> 6
A16: Free | B16: =COUNTIFS(Admission!C:C,B2,Admission!O:O,A16) -> 2 | C16: =COUNTIFS(Admission!C:C,C2,Admission!O:O,A16) -> 1 | D16: =COUNTIF(Admission!O:O,"free") -> 3
D17: =D14-D15 -> 177
H23: I | I23: 15 | J23: 11 | K23: 26 | L23: 45
H24: II | I24: 9 | J24: 10 | K24: 19
H25: III | I25: 15 | J25: 4 | K25: 19 | L25: 49
H26: IV | I26: 13 | J26: 6 | K26: 19
H27: V | I27: 9 | J27: 2 | K27: 11
H28: VI | I28: 11 | J28: 5 | K28: 16 | L28: 37
H29: VII | I29: 10 | J29: 7 | K29: 17
H30: VIII | I30: 2 | J30: 2 | K30: 4

Sheet Expect
A1: Expect Monthly Collection
A2: Class | B2: Apr | C2: May | D2: June | E2: July | F2: Aug | G2: Sep | H2: Oct | I2: Nov | J2: Dec | K2: Jan | L2: Feb | M2: Mar
A3: Nur | B3: =(Nur!$B$2*Fee!C4)+(Nur!C2*Fee!C18)-(COUNTIFS(Nur!$E$4:$E$100,Nur!$B$1,Nur!$F$4:$F$100,"NA")*Fee!C4+COUNTIFS(Nur!$E$4:$E$100,Nur!$C$1,Nur!$F$4:$F$100,"NA")*Fee!C18) -> 12800 | C3: =(Nur!$B$2*Fee!C4)+(Nur!C2*Fee!C18)-(COUNTIFS(Nur!$E$4:$E$100,Nur!$B$1,Nur!$G$4:$G$100,"NA")*Fee!C4+COUNTIFS(Nur!$E$4:$E$100,Nur!$C$1,Nur!G4:G100,"NA")*Fee!C18) -> 12800 | D3: =(Nur!$B$2*Fee!C4)+(Nur!C2*Fee!C18)-(COUNTIFS(Nur!$E$4:$E$100,Nur!$B$1,Nur!H4:H100,"NA")*Fee!C4+COUNTIFS(Nur!$E$4:$E$100,Nur!$C$1,Nur!H4:H100,"NA")*Fee!C18) -> 12800 | E3: =(Nur!$B$2*Fee!C4)+(Nur!C2*Fee!C18)-(COUNTIFS(Nur!$E$4:$E$100,Nur!$B$1,Nur!J4:J100,"NA")*Fee!C4+COUNTIFS(Nur!$E$4:$E$100,Nur!$C$1,Nur!J4:J100,"NA")*Fee!C18) -> 12800 | F3: =(Nur!$B$2*Fee!C4)+(Nur!C2*Fee!C18)-(COUNTIFS(Nur!$E$4:$E$100,Nur!$B$1,Nur!K4:K100,"NA")*Fee!C4+COUNTIFS(Nur!$E$4:$E$100,Nur!$C$1,Nur!K4:K100,"NA")*Fee!C18) -> 12800 | G3: =(Nur!$B$2*Fee!C4)+(Nur!C2*Fee!C18)-(COUNTIFS(Nur!$E$4:$E$100,Nur!$B$1,Nur!L4:L100,"NA")*Fee!C4+COUNTIFS(Nur!$E$4:$E$100,Nur!$C$1,Nur!L4:L100,"NA")*Fee!C18) -> 12800 | H3: =(Nur!$B$2*Fee!C4)+(Nur!C2*Fee!C18)-(COUNTIFS(Nur!$E$4:$E$100,Nur!$B$1,Nur!N4:N100,"NA")*Fee!C4+COUNTIFS(Nur!$E$4:$E$100,Nur!$C$1,Nur!N4:N100,"NA")*Fee!C18) -> 12800 | I3: =(Nur!$B$2*Fee!C4)+(Nur!C2*Fee!C18)-(COUNTIFS(Nur!$E$4:$E$100,Nur!$B$1,Nur!O4:O100,"NA")*Fee!C4+COUNTIFS(Nur!$E$4:$E$100,Nur!$C$1,Nur!O4:O100,"NA")*Fee!C18) -> 12800 | J3: =(Nur!$B$2*Fee!C4)+(Nur!C2*Fee!C18)-(COUNTIFS(Nur!$E$4:$E$100,Nur!$B$1,Nur!P4:P100,"NA")*Fee!C4+COUNTIFS(Nur!$E$4:$E$100,Nur!$C$1,Nur!P4:P100,"NA")*Fee!C18) -> 12800 | K3: =(Nur!$B$2*Fee!C4)+(Nur!C2*Fee!C18)-(COUNTIFS(Nur!$E$4:$E$100,Nur!$B$1,Nur!R4:R100,"NA")*Fee!C4+COUNTIFS(Nur!$E$4:$E$100,Nur!$C$1,Nur!R4:R100,"NA")*Fee!C18) -> 12800 | L3: =(Nur!$B$2*Fee!C4)+(Nur!C2*Fee!C18)-(COUNTIFS(Nur!$E$4:$E$100,Nur!$B$1,Nur!S4:S100,"NA")*Fee!C4+COUNTIFS(Nur!$E$4:$E$100,Nur!$C$1,Nur!S4:S100,"NA")*Fee!C18) -> 12800 | M3: =(Nur!$B$2*Fee!C4)+(Nur!C2*Fee!C18)-(COUNTIFS(Nur!$E$4:$E$100,Nur!$B$1,Nur!U4:U100,"NA")*Fee!C4+COUNTIFS(Nur!$E$4:$E$100,Nur!$C$1,Nur!U4:U100,"NA")*Fee!C18) -> 12800
A4: LKG | B4: =(LKG!$B$2*Fee!C5)+(LKG!C2*Fee!C19)-(COUNTIFS(LKG!$E$4:$E$98,LKG!$B$1,LKG!F4:F98,"NA")*Fee!C5+COUNTIFS(LKG!$E$4:$E$98,LKG!$C$1,LKG!F4:F98,"NA")*Fee!C19) -> 32600 | C4: =(LKG!$B$2*Fee!C5)+(LKG!C2*Fee!C19)-(COUNTIFS(LKG!$E$4:$E$97,LKG!$B$1,LKG!G4:G97,"NA")*Fee!C5+COUNTIFS(LKG!$E$4:$E$97,LKG!$C$1,LKG!G4:G97,"NA")*Fee!C19) -> 32600 | D4: =(LKG!$B$2*Fee!C5)+(LKG!C2*Fee!C19)-(COUNTIFS(LKG!$E$4:$E$97,LKG!$B$1,LKG!I4:I97,"NA")*Fee!C5+COUNTIFS(LKG!$E$4:$E$97,LKG!$C$1,LKG!I4:I97,"NA")*Fee!C19) -> 32600 | E4: =(LKG!$B$2*Fee!C5)+(LKG!C2*Fee!C19)-(COUNTIFS(LKG!$E$4:$E$97,LKG!$B$1,LKG!J4:J97,"NA")*Fee!C5+COUNTIFS(LKG!$E$4:$E$97,LKG!$C$1,LKG!J4:J97,"NA")*Fee!C19) -> 32600 | F4: =(LKG!$B$2*Fee!C5)+(LKG!C2*Fee!C19)-(COUNTIFS(LKG!$E$4:$E$97,LKG!$B$1,LKG!K4:K97,"NA")*Fee!C5+COUNTIFS(LKG!$E$4:$E$97,LKG!$C$1,LKG!K4:K97,"NA")*Fee!C19) -> 32600 | G4: =(LKG!$B$2*Fee!C5)+(LKG!C2*Fee!C19)-(COUNTIFS(LKG!$E$4:$E$97,LKG!$B$1,LKG!L4:L97,"NA")*Fee!C5+COUNTIFS(LKG!$E$4:$E$97,LKG!$C$1,LKG!L4:L97,"NA")*Fee!C19) -> 32600 | H4: =(LKG!$B$2*Fee!C5)+(LKG!C2*Fee!C19)-(COUNTIFS(LKG!$E$4:$E$97,LKG!$B$1,LKG!N4:N97,"NA")*Fee!C5+COUNTIFS(LKG!$E$4:$E$97,LKG!$C$1,LKG!N4:N97,"NA")*Fee!C19) -> 32600 | I4: =(LKG!$B$2*Fee!C5)+(LKG!C2*Fee!C19)-(COUNTIFS(LKG!$E$4:$E$97,LKG!$B$1,LKG!O4:O97,"NA")*Fee!C5+COUNTIFS(LKG!$E$4:$E$97,LKG!$C$1,LKG!O4:O97,"NA")*Fee!C19) -> 32600 | J4: =(LKG!$B$2*Fee!C5)+(LKG!C2*Fee!C19)-(COUNTIFS(LKG!$E$4:$E$97,LKG!$B$1,LKG!P4:P97,"NA")*Fee!C5+COUNTIFS(LKG!$E$4:$E$97,LKG!$C$1,LKG!P4:P97,"NA")*Fee!C19) -> 32600 | K4: =(LKG!$B$2*Fee!C5)+(LKG!C2*Fee!C19)-(COUNTIFS(LKG!$E$4:$E$97,LKG!$B$1,LKG!R4:R97,"NA")*Fee!C5+COUNTIFS(LKG!$E$4:$E$97,LKG!$C$1,LKG!R4:R97,"NA")*Fee!C19) -> 32600 | L4: =(LKG!$B$2*Fee!C5)+(LKG!C2*Fee!C19)-(COUNTIFS(LKG!$E$4:$E$97,LKG!$B$1,LKG!S4:S97,"NA")*Fee!C5+COUNTIFS(LKG!$E$4:$E$97,LKG!$C$1,LKG!S4:S97,"NA")*Fee!C19) -> 32600 | M4: =(LKG!$B$2*Fee!C5)+(LKG!C2*Fee!C19)-(COUNTIFS(LKG!$E$4:$E$97,LKG!$B$1,LKG!U4:U97,"NA")*Fee!C5+COUNTIFS(LKG!$E$4:$E$97,LKG!$C$1,LKG!U4:U97,"NA")*Fee!C19) -> 32600
